#
# There is insufficient memory for the Java Runtime Environment to continue.
# Native memory allocation (mmap) failed to map 65536 bytes. Error detail: Failed to commit metaspace.
# Possible reasons:
#   The system is out of physical RAM or swap space
#   This process is running with CompressedOops enabled, and the Java Heap may be blocking the growth of the native heap
# Possible solutions:
#   Reduce memory load on the system
#   Increase physical memory or swap space
#   Check if swap backing store is full
#   Decrease Java heap size (-Xmx/-Xms)
#   Decrease number of Java threads
#   Decrease Java thread stack sizes (-Xss)
#   Set larger code cache with -XX:ReservedCodeCacheSize=
#   JVM is running with Unscaled Compressed Oops mode in which the Java heap is
#     placed in the first 4GB address space. The Java Heap base address is the
#     maximum limit for the native heap growth. Please use -XX:HeapBaseMinAddress
#     to set the Java Heap base and to place the Java Heap above 4GB virtual address.
# This output file may be truncated or incomplete.
#
#  Out of Memory Error (virtualSpaceNode.cpp:110), pid=13380, tid=10560
#
# JRE version: OpenJDK Runtime Environment Temurin-17.0.13+11 (17.0.13+11) (build 17.0.13+11)
# Java VM: OpenJDK 64-Bit Server VM Temurin-17.0.13+11 (17.0.13+11, mixed mode, tiered, compressed oops, compressed class ptrs, parallel gc, windows-amd64)
# No core dump will be written. Minidumps are not enabled by default on client versions of Windows
#

---------------  S U M M A R Y ------------

Command Line: --add-modules=ALL-SYSTEM --add-opens=java.base/java.util=ALL-UNNAMED --add-opens=java.base/java.lang=ALL-UNNAMED --add-opens=java.base/sun.nio.fs=ALL-UNNAMED -Declipse.application=org.eclipse.jdt.ls.core.id1 -Dosgi.bundles.defaultStartLevel=4 -Declipse.product=org.eclipse.jdt.ls.core.product -Djava.import.generatesMetadataFilesAtProjectRoot=false -DDetectVMInstallationsJob.disabled=true -Dfile.encoding=utf8 -XX:+UseParallelGC -XX:GCTimeRatio=4 -XX:AdaptiveSizePolicyWeight=90 -Dsun.zip.disableMemoryMapping=true -Xmx1G -Xms100m -Xlog:disable -javaagent:c:\Users\chihu\.vscode\extensions\redhat.java-1.38.0-win32-x64\lombok\lombok-1.18.34.jar c:\Users\chihu\.vscode\extensions\redhat.java-1.38.0-win32-x64\server\plugins\org.eclipse.equinox.launcher_1.6.900.v20240613-2009.jar -configuration c:\Users\chihu\AppData\Roaming\Code\User\globalStorage\redhat.java\1.38.0\config_ss_win -data c:\Users\chihu\AppData\Roaming\Code\User\workspaceStorage\1011145ece7e98f8ad1cb99f5e7d24cf\redhat.java\ss_ws --pipe=\\.\pipe\lsp-271e6cd592e77b3b20c6d34814d86ecb-sock

Host: Intel(R) Core(TM) i7-4600U CPU @ 2.10GHz, 4 cores, 7G,  Windows 11 , 64 bit Build 22000 (10.0.22000.2538)
Time: Thu Jan 16 10:35:17 2025 SE Asia Standard Time elapsed time: 22.187232 seconds (0d 0h 0m 22s)

---------------  T H R E A D  ---------------

Current thread (0x000001ab5e28e110):  JavaThread "Start Level: Equinox Container: e4a6c30c-59a7-4589-98ba-40efa5209139" daemon [_thread_in_vm, id=10560, stack(0x0000001984200000,0x0000001984300000)]

Stack: [0x0000001984200000,0x0000001984300000]
Native frames: (J=compiled Java code, j=interpreted, Vv=VM code, C=native code)
V  [jvm.dll+0x682a19]
V  [jvm.dll+0x839538]
V  [jvm.dll+0x83afe3]
V  [jvm.dll+0x83b653]
V  [jvm.dll+0x24704f]
V  [jvm.dll+0x83530d]
V  [jvm.dll+0x62762e]
V  [jvm.dll+0x1bf044]
V  [jvm.dll+0x629f9f]
V  [jvm.dll+0x627ff6]
V  [jvm.dll+0x23addf]
V  [jvm.dll+0x631ef5]
V  [jvm.dll+0x1e8b31]
V  [jvm.dll+0x1e913a]
V  [jvm.dll+0x1e9b2d]
V  [jvm.dll+0x1df251]
V  [jvm.dll+0x54611b]
V  [jvm.dll+0x7b3058]
V  [jvm.dll+0x7b3144]
V  [jvm.dll+0x412703]
V  [jvm.dll+0x419229]
C  [java.dll+0x17ec]

Java frames: (J=compiled Java code, j=interpreted, Vv=VM code)
J 871  java.lang.ClassLoader.defineClass1(Ljava/lang/ClassLoader;Ljava/lang/String;[BIILjava/security/ProtectionDomain;Ljava/lang/String;)Ljava/lang/Class; java.base@17.0.13 (0 bytes) @ 0x000001ab4ef2dd5b [0x000001ab4ef2dca0+0x00000000000000bb]
J 1723 c1 java.lang.ClassLoader.defineClass(Ljava/lang/String;[BIILjava/security/ProtectionDomain;)Ljava/lang/Class; java.base@17.0.13 (43 bytes) @ 0x000001ab476f8bc4 [0x000001ab476f8880+0x0000000000000344]
j  org.eclipse.osgi.internal.loader.ModuleClassLoader.defineClass(Ljava/lang/String;[BLorg/eclipse/osgi/internal/loader/classpath/ClasspathEntry;)Lorg/eclipse/osgi/internal/loader/ModuleClassLoader$DefineClassResult;+37
j  org.eclipse.osgi.internal.loader.classpath.ClasspathManager.defineClass(Ljava/lang/String;[BLorg/eclipse/osgi/internal/loader/classpath/ClasspathEntry;Lorg/eclipse/osgi/storage/bundlefile/BundleEntry;Ljava/util/List;)Ljava/lang/Class;+424
j  org.eclipse.osgi.internal.loader.classpath.ClasspathManager.findClassImpl(Ljava/lang/String;Lorg/eclipse/osgi/internal/loader/classpath/ClasspathEntry;Ljava/util/List;)Ljava/lang/Class;+269
j  org.eclipse.osgi.internal.loader.classpath.ClasspathManager.findLocalClassImpl(Ljava/lang/String;[Lorg/eclipse/osgi/internal/loader/classpath/ClasspathEntry;Ljava/util/List;)Ljava/lang/Class;+30
j  org.eclipse.osgi.internal.loader.classpath.ClasspathManager.findLocalClassImpl(Ljava/lang/String;Ljava/util/List;)Ljava/lang/Class;+69
j  org.eclipse.osgi.internal.loader.classpath.ClasspathManager.findLocalClass(Ljava/lang/String;)Ljava/lang/Class;+113
j  org.eclipse.osgi.internal.loader.ModuleClassLoader.findLocalClass(Ljava/lang/String;)Ljava/lang/Class;+5
j  org.eclipse.osgi.internal.loader.BundleLoader.findLocalClass(Ljava/lang/String;)Ljava/lang/Class;+57
J 1730 c1 org.eclipse.osgi.internal.loader.BundleLoader.findClass0(Ljava/lang/String;ZZ)Ljava/lang/Class; (470 bytes) @ 0x000001ab476fde94 [0x000001ab476fb880+0x0000000000002614]
J 1687 c1 org.eclipse.osgi.internal.loader.BundleLoader.findClass(Ljava/lang/String;)Ljava/lang/Class; (8 bytes) @ 0x000001ab476e969c [0x000001ab476e9620+0x000000000000007c]
J 1688 c1 org.eclipse.osgi.internal.loader.ModuleClassLoader.loadClass(Ljava/lang/String;Z)Ljava/lang/Class; (36 bytes) @ 0x000001ab476e9c3c [0x000001ab476e9a20+0x000000000000021c]
J 804 c1 java.lang.ClassLoader.loadClass(Ljava/lang/String;)Ljava/lang/Class; java.base@17.0.13 (7 bytes) @ 0x000001ab4753afbc [0x000001ab4753aec0+0x00000000000000fc]
v  ~StubRoutines::call_stub
j  org.eclipse.core.internal.registry.ExtensionRegistry.<init>(Lorg/eclipse/core/runtime/spi/RegistryStrategy;Ljava/lang/Object;Ljava/lang/Object;)V+150
j  org.eclipse.core.runtime.RegistryFactory.createRegistry(Lorg/eclipse/core/runtime/spi/RegistryStrategy;Ljava/lang/Object;Ljava/lang/Object;)Lorg/eclipse/core/runtime/IExtensionRegistry;+7
j  org.eclipse.core.internal.registry.osgi.Activator.startRegistry()V+243
j  org.eclipse.core.internal.registry.osgi.Activator.start(Lorg/osgi/framework/BundleContext;)V+15
j  org.eclipse.osgi.internal.framework.BundleContextImpl$2.run()Ljava/lang/Void;+23
j  org.eclipse.osgi.internal.framework.BundleContextImpl$2.run()Ljava/lang/Object;+1
J 905 c1 java.security.AccessController.executePrivileged(Ljava/security/PrivilegedExceptionAction;Ljava/security/AccessControlContext;Ljava/lang/Class;)Ljava/lang/Object; java.base@17.0.13 (65 bytes) @ 0x000001ab4756deac [0x000001ab4756dd60+0x000000000000014c]
j  java.security.AccessController.doPrivileged(Ljava/security/PrivilegedExceptionAction;)Ljava/lang/Object;+9 java.base@17.0.13
j  org.eclipse.osgi.internal.framework.BundleContextImpl.startActivator(Lorg/osgi/framework/BundleActivator;)V+9
j  org.eclipse.osgi.internal.framework.BundleContextImpl.start()V+134
j  org.eclipse.osgi.internal.framework.EquinoxBundle.startWorker0()V+35
j  org.eclipse.osgi.internal.framework.EquinoxBundle$EquinoxModule.startWorker()V+4
j  org.eclipse.osgi.container.Module.doStart([Lorg/eclipse/osgi/container/Module$StartOptions;)Lorg/eclipse/osgi/container/ModuleContainerAdaptor$ModuleEvent;+190
j  org.eclipse.osgi.container.Module.start([Lorg/eclipse/osgi/container/Module$StartOptions;)V+460
j  org.eclipse.osgi.framework.util.SecureAction.start(Lorg/eclipse/osgi/container/Module;[Lorg/eclipse/osgi/container/Module$StartOptions;)V+8
j  org.eclipse.osgi.internal.hooks.EclipseLazyStarter.postFindLocalClass(Ljava/lang/String;Ljava/lang/Class;Lorg/eclipse/osgi/internal/loader/classpath/ClasspathManager;)V+173
j  org.eclipse.osgi.internal.loader.classpath.ClasspathManager.findLocalClass(Ljava/lang/String;)Ljava/lang/Class;+148
j  org.eclipse.osgi.internal.loader.ModuleClassLoader.findLocalClass(Ljava/lang/String;)Ljava/lang/Class;+5
j  org.eclipse.osgi.internal.loader.BundleLoader.findLocalClass(Ljava/lang/String;)Ljava/lang/Class;+57
j  org.eclipse.osgi.internal.loader.sources.SingleSourcePackage.loadClass(Ljava/lang/String;)Ljava/lang/Class;+5
j  org.eclipse.osgi.internal.loader.sources.MultiSourcePackage.loadClass(Ljava/lang/String;)Ljava/lang/Class;+26
j  org.eclipse.osgi.internal.loader.BundleLoader.findClass0(Ljava/lang/String;ZZ)Ljava/lang/Class;+299
J 1687 c1 org.eclipse.osgi.internal.loader.BundleLoader.findClass(Ljava/lang/String;)Ljava/lang/Class; (8 bytes) @ 0x000001ab476e969c [0x000001ab476e9620+0x000000000000007c]
J 1688 c1 org.eclipse.osgi.internal.loader.ModuleClassLoader.loadClass(Ljava/lang/String;Z)Ljava/lang/Class; (36 bytes) @ 0x000001ab476e9c3c [0x000001ab476e9a20+0x000000000000021c]
J 804 c1 java.lang.ClassLoader.loadClass(Ljava/lang/String;)Ljava/lang/Class; java.base@17.0.13 (7 bytes) @ 0x000001ab4753afbc [0x000001ab4753aec0+0x00000000000000fc]
v  ~StubRoutines::call_stub
j  java.lang.Class.getDeclaredConstructors0(Z)[Ljava/lang/reflect/Constructor;+0 java.base@17.0.13
j  java.lang.Class.privateGetDeclaredConstructors(Z)[Ljava/lang/reflect/Constructor;+52 java.base@17.0.13
j  java.lang.Class.getConstructors()[Ljava/lang/reflect/Constructor;+20 java.base@17.0.13
j  org.apache.felix.scr.impl.inject.internal.ComponentConstructorImpl.<init>(Lorg/apache/felix/scr/impl/metadata/ComponentMetadata;Ljava/lang/Class;Lorg/apache/felix/scr/impl/logger/ComponentLogger;)V+212
j  org.apache.felix.scr.impl.inject.internal.ComponentMethodsImpl.initComponentMethods(Lorg/apache/felix/scr/impl/metadata/ComponentMetadata;Ljava/lang/Class;Lorg/apache/felix/scr/impl/logger/ComponentLogger;)V+306
j  org.apache.felix.scr.impl.manager.AbstractComponentManager.initDependencyManagers(Lorg/apache/felix/scr/impl/manager/ComponentContextImpl;)V+76
j  org.apache.felix.scr.impl.manager.AbstractComponentManager.collectDependencies(Lorg/apache/felix/scr/impl/manager/ComponentContextImpl;)Z+2
j  org.apache.felix.scr.impl.manager.SingleComponentManager.getServiceInternal(Lorg/osgi/framework/ServiceRegistration;)Z+25
j  org.apache.felix.scr.impl.manager.AbstractComponentManager.activateInternal()V+438
j  org.apache.felix.scr.impl.manager.AbstractComponentManager.enableInternal()V+179
j  org.apache.felix.scr.impl.manager.AbstractComponentManager.enable(Z)Lorg/osgi/util/promise/Promise;+12
j  org.apache.felix.scr.impl.manager.ConfigurableComponentHolder.enableComponents(Z)Lorg/osgi/util/promise/Promise;+275
j  org.apache.felix.scr.impl.BundleComponentActivator.initialEnable()V+107
j  org.apache.felix.scr.impl.Activator.loadComponents(Lorg/osgi/framework/Bundle;)V+392
j  org.apache.felix.scr.impl.Activator.access$200(Lorg/apache/felix/scr/impl/Activator;Lorg/osgi/framework/Bundle;)V+2
j  org.apache.felix.scr.impl.Activator$ScrExtension.start()V+72
j  org.apache.felix.scr.impl.AbstractExtender.createExtension(Lorg/osgi/framework/Bundle;)V+71
j  org.apache.felix.scr.impl.AbstractExtender.modifiedBundle(Lorg/osgi/framework/Bundle;Lorg/osgi/framework/BundleEvent;Lorg/osgi/framework/Bundle;)V+115
j  org.apache.felix.scr.impl.AbstractExtender.addingBundle(Lorg/osgi/framework/Bundle;Lorg/osgi/framework/BundleEvent;)Lorg/osgi/framework/Bundle;+4
j  org.apache.felix.scr.impl.AbstractExtender.addingBundle(Lorg/osgi/framework/Bundle;Lorg/osgi/framework/BundleEvent;)Ljava/lang/Object;+3
j  org.osgi.util.tracker.BundleTracker$Tracked.customizerAdding(Lorg/osgi/framework/Bundle;Lorg/osgi/framework/BundleEvent;)Ljava/lang/Object;+9
j  org.osgi.util.tracker.BundleTracker$Tracked.customizerAdding(Ljava/lang/Object;Ljava/lang/Object;)Ljava/lang/Object;+9
j  org.osgi.util.tracker.AbstractTracked.trackAdding(Ljava/lang/Object;Ljava/lang/Object;)V+8
j  org.osgi.util.tracker.AbstractTracked.track(Ljava/lang/Object;Ljava/lang/Object;)V+83
j  org.osgi.util.tracker.BundleTracker$Tracked.bundleChanged(Lorg/osgi/framework/BundleEvent;)V+35
J 1570 c1 org.eclipse.osgi.internal.framework.BundleContextImpl.dispatchEvent(Ljava/lang/Object;Ljava/lang/Object;ILjava/lang/Object;)V (558 bytes) @ 0x000001ab476b4264 [0x000001ab476b30a0+0x00000000000011c4]
j  org.eclipse.osgi.framework.eventmgr.EventManager.dispatchEvent(Ljava/util/Set;Lorg/eclipse/osgi/framework/eventmgr/EventDispatcher;ILjava/lang/Object;)V+48
j  org.eclipse.osgi.framework.eventmgr.ListenerQueue.dispatchEventSynchronous(ILjava/lang/Object;)V+67
j  org.eclipse.osgi.internal.framework.EquinoxEventPublisher.publishBundleEventPrivileged(Lorg/osgi/framework/BundleEvent;)V+547
j  org.eclipse.osgi.internal.framework.EquinoxEventPublisher.publishBundleEvent(Lorg/osgi/framework/BundleEvent;)V+8
j  org.eclipse.osgi.internal.framework.EquinoxEventPublisher.publishBundleEvent(ILorg/osgi/framework/Bundle;Lorg/osgi/framework/Bundle;)V+15
j  org.eclipse.osgi.internal.framework.EquinoxContainerAdaptor.publishModuleEvent(Lorg/eclipse/osgi/container/ModuleContainerAdaptor$ModuleEvent;Lorg/eclipse/osgi/container/Module;Lorg/eclipse/osgi/container/Module;)V+29
j  org.eclipse.osgi.container.Module.publishEvent(Lorg/eclipse/osgi/container/ModuleContainerAdaptor$ModuleEvent;)V+13
j  org.eclipse.osgi.container.Module.start([Lorg/eclipse/osgi/container/Module$StartOptions;)V+588
j  org.eclipse.osgi.container.ModuleContainer$ContainerStartLevel$2.run()V+71
j  org.eclipse.osgi.internal.framework.EquinoxContainerAdaptor$1$1.execute(Ljava/lang/Runnable;)V+1
j  org.eclipse.osgi.container.ModuleContainer$ContainerStartLevel.incStartLevel(ILjava/util/List;Z)V+193
j  org.eclipse.osgi.container.ModuleContainer$ContainerStartLevel.incStartLevel(ILjava/util/List;Ljava/util/List;Ljava/util/List;Ljava/util/List;)V+4
j  org.eclipse.osgi.container.ModuleContainer$ContainerStartLevel.doContainerStartLevel(Lorg/eclipse/osgi/container/Module;I[Lorg/osgi/framework/FrameworkListener;)V+349
j  org.eclipse.osgi.container.ModuleContainer$ContainerStartLevel.dispatchEvent(Lorg/eclipse/osgi/container/Module;[Lorg/osgi/framework/FrameworkListener;ILjava/lang/Integer;)V+32
j  org.eclipse.osgi.container.ModuleContainer$ContainerStartLevel.dispatchEvent(Ljava/lang/Object;Ljava/lang/Object;ILjava/lang/Object;)V+15
j  org.eclipse.osgi.framework.eventmgr.EventManager.dispatchEvent(Ljava/util/Set;Lorg/eclipse/osgi/framework/eventmgr/EventDispatcher;ILjava/lang/Object;)V+48
j  org.eclipse.osgi.framework.eventmgr.EventManager$EventThread.run()V+26
v  ~StubRoutines::call_stub

Compiled method (n/a)   22754  871     n 0       java.lang.ClassLoader::defineClass1 (native)
 total in heap  [0x000001ab4ef2db10,0x000001ab4ef2df68] = 1112
 relocation     [0x000001ab4ef2dc68,0x000001ab4ef2dc98] = 48
 main code      [0x000001ab4ef2dca0,0x000001ab4ef2df68] = 712

[Constant Pool (empty)]

[MachCode]
[Entry Point]
  # {method} {0x000001ab5901de70} 'defineClass1' '(Ljava/lang/ClassLoader;Ljava/lang/String;[BIILjava/security/ProtectionDomain;Ljava/lang/String;)Ljava/lang/Class;' in 'java/lang/ClassLoader'
  # parm0:    rdx:rdx   = 'java/lang/ClassLoader'
  # parm1:    r8:r8     = 'java/lang/String'
  # parm2:    r9:r9     = '[B'
  # parm3:    rdi       = int
  # parm4:    rsi       = int
  # parm5:    rcx:rcx   = 'java/security/ProtectionDomain'
  # parm6:    [sp+0xa0]   = 'java/lang/String'  (sp of caller)
  0x000001ab4ef2dca0: 448b 5208 | 49c1 e203 | 493b c20f | 8407 0000 

  0x000001ab4ef2dcb0: ;   {runtime_call ic_miss_stub}
  0x000001ab4ef2dcb0: 00e9 ca30 | a5ff 6690 
[Verified Entry Point]
  0x000001ab4ef2dcb8: 8984 2400 | 90ff ff55 | 488b ec48 | 81ec 9000 | 0000 4881 | 7d10 0000 | 0000 488d | 4510 480f 
  0x000001ab4ef2dcd8: 4445 1048 | 8944 2440 | 4889 4c24 | 7048 83f9 | 0048 8d44 | 2470 480f | 4444 2470 | 4889 4424 
  0x000001ab4ef2dcf8: 3848 8974 | 2430 4889 | 7c24 284c | 894c 2458 | 4983 f900 | 488d 4424 | 5848 0f44 | 4424 5848 
  0x000001ab4ef2dd18: 8944 2420 | 4c89 4424 | 5049 83f8 | 004c 8d4c | 2450 4c0f | 444c 2450 | 4889 5424 | 4848 83fa 
  0x000001ab4ef2dd38: 004c 8d44 | 2448 4c0f | 4444 2448 

  0x000001ab4ef2dd44: ;   {oop(a 'java/lang/Class'{0x00000000c00041e8} = 'java/lang/ClassLoader')}
  0x000001ab4ef2dd44: 49be e841 | 00c0 0000 | 0000 4c89 | 7424 784c | 8d74 2478 | 498b d6c5 

  0x000001ab4ef2dd5c: ;   {internal_word}
  0x000001ab4ef2dd5c: f877 49ba | 5bdd f24e | ab01 0000 | 4d89 97a0 | 0200 0049 | 89a7 9802 

  0x000001ab4ef2dd74: ;   {external_word}
  0x000001ab4ef2dd74: 0000 49ba | 7ec6 e88b | fa7f 0000 | 4180 3a00 | 0f84 5200 | 0000 5241 

  0x000001ab4ef2dd8c: ;   {metadata({method} {0x000001ab5901de70} 'defineClass1' '(Ljava/lang/ClassLoader;Ljava/lang/String;[BIILjava/security/ProtectionDomain;Ljava/lang/String;)Ljava/lang/Class;' in 'java/lang/ClassLoader')}
  0x000001ab4ef2dd8c: 5041 5148 | ba68 de01 | 59ab 0100 | 0049 8bcf | 4883 ec20 | f7c4 0f00 | 0000 0f84 | 1a00 0000 
  0x000001ab4ef2ddac: 4883 ec08 

  0x000001ab4ef2ddb0: ;   {runtime_call}
  0x000001ab4ef2ddb0: 49ba 6086 | 9e8b fa7f | 0000 41ff | d248 83c4 | 08e9 0d00 

  0x000001ab4ef2ddc4: ;   {runtime_call}
  0x000001ab4ef2ddc4: 0000 49ba | 6086 9e8b | fa7f 0000 | 41ff d248 | 83c4 2041 | 5941 585a | 498d 8fb8 | 0200 0041 
  0x000001ab4ef2dde4: c787 4803 | 0000 0400 

  0x000001ab4ef2ddec: ;   {runtime_call}
  0x000001ab4ef2ddec: 0000 49ba | ac16 7591 | fa7f 0000 | 41ff d2c5 | f877 41c7 | 8748 0300 | 0005 0000 | 00f0 8344 
  0x000001ab4ef2de0c: 24c0 0049 | 3baf 5003 | 0000 0f87 | 1100 0000 | 4181 bf38 | 0300 0000 | 0000 000f | 842c 0000 
  0x000001ab4ef2de2c: 00c5 f877 | 4889 45f8 | 498b cf4c | 8be4 4883 | ec20 4883 

  0x000001ab4ef2de40: ;   {runtime_call}
  0x000001ab4ef2de40: e4f0 49ba | b094 ae8b | fa7f 0000 | 41ff d249 | 8be4 4d33 | e448 8b45 | f841 c787 | 4803 0000 
  0x000001ab4ef2de60: 0800 0000 | 4181 bfb8 | 0300 0002 | 0000 000f | 84c5 0000 

  0x000001ab4ef2de74: ;   {external_word}
  0x000001ab4ef2de74: 0049 ba7e | c6e8 8bfa | 7f00 0041 | 803a 000f | 8450 0000 | 0048 8945 

  0x000001ab4ef2de8c: ;   {metadata({method} {0x000001ab5901de70} 'defineClass1' '(Ljava/lang/ClassLoader;Ljava/lang/String;[BIILjava/security/ProtectionDomain;Ljava/lang/String;)Ljava/lang/Class;' in 'java/lang/ClassLoader')}
  0x000001ab4ef2de8c: f848 ba68 | de01 59ab | 0100 0049 | 8bcf 4883 | ec20 f7c4 | 0f00 0000 | 0f84 1a00 | 0000 4883 
  0x000001ab4ef2deac: ;   {runtime_call}
  0x000001ab4ef2deac: ec08 49ba | 6086 9e8b | fa7f 0000 | 41ff d248 | 83c4 08e9 | 0d00 0000 

  0x000001ab4ef2dec4: ;   {runtime_call}
  0x000001ab4ef2dec4: 49ba 6086 | 9e8b fa7f | 0000 41ff | d248 83c4 | 2048 8b45 | f849 c787 | 9802 0000 | 0000 0000 
  0x000001ab4ef2dee4: 49c7 87a0 | 0200 0000 | 0000 00c5 | f877 4885 | c00f 8419 | 0000 0048 | f7c0 0100 | 0000 0f84 
  0x000001ab4ef2df04: 0900 0000 | 488b 40ff | e903 0000 | 0048 8b00 | 498b 8fd8 | 0000 00c7 | 8100 0100 | 0000 0000 
  0x000001ab4ef2df24: 00c9 4981 | 7f08 0000 | 0000 0f85 | 0100 0000 

  0x000001ab4ef2df34: ;   {runtime_call StubRoutines (1)}
  0x000001ab4ef2df34: c3e9 c62f | a0ff c5f8 | 7748 8945 | f84c 8be4 | 4883 ec20 | 4883 e4f0 

  0x000001ab4ef2df4c: ;   {runtime_call}
  0x000001ab4ef2df4c: 49ba 80b7 | 9e8b fa7f | 0000 41ff | d249 8be4 | 4d33 e448 | 8b45 f8e9 | 0dff ffff 
[/MachCode]


Compiled method (c1)   22819 1723       3       java.lang.ClassLoader::defineClass (43 bytes)
 total in heap  [0x000001ab476f8690,0x000001ab476f8fb0] = 2336
 relocation     [0x000001ab476f87e8,0x000001ab476f8880] = 152
 main code      [0x000001ab476f8880,0x000001ab476f8d00] = 1152
 stub code      [0x000001ab476f8d00,0x000001ab476f8d78] = 120
 metadata       [0x000001ab476f8d78,0x000001ab476f8da8] = 48
 scopes data    [0x000001ab476f8da8,0x000001ab476f8e98] = 240
 scopes pcs     [0x000001ab476f8e98,0x000001ab476f8f78] = 224
 dependencies   [0x000001ab476f8f78,0x000001ab476f8f88] = 16
 nul chk table  [0x000001ab476f8f88,0x000001ab476f8fb0] = 40

[Constant Pool (empty)]

[MachCode]
[Entry Point]
  # {method} {0x000001ab5901dce0} 'defineClass' '(Ljava/lang/String;[BIILjava/security/ProtectionDomain;)Ljava/lang/Class;' in 'java/lang/ClassLoader'
  # this:     rdx:rdx   = 'java/lang/ClassLoader'
  # parm0:    r8:r8     = 'java/lang/String'
  # parm1:    r9:r9     = '[B'
  # parm2:    rdi       = int
  # parm3:    rsi       = int
  # parm4:    rcx:rcx   = 'java/security/ProtectionDomain'
  #           [sp+0xc0]  (sp of caller)
  0x000001ab476f8880: 448b 5208 | 49c1 e203 

  0x000001ab476f8888: ;   {runtime_call ic_miss_stub}
  0x000001ab476f8888: 4c3b d00f | 85ef 8428 | 0766 6666 | 0f1f 8400 | 0000 0000 | 6666 6690 
[Verified Entry Point]
  0x000001ab476f88a0: 8984 2400 | 90ff ff55 | 4881 ecb0 | 0000 0048 | 8954 2478 

  0x000001ab476f88b4: ;   {metadata(method data for {method} {0x000001ab5901dce0} 'defineClass' '(Ljava/lang/String;[BIILjava/security/ProtectionDomain;)Ljava/lang/Class;' in 'java/lang/ClassLoader')}
  0x000001ab476f88b4: 48bb a0ce | b159 ab01 | 0000 8b83 | cc00 0000 | 83c0 0289 | 83cc 0000 | 0081 e0fe | 0700 0083 
  0x000001ab476f88d4: f800 0f84 | 3e03 0000 | 89b4 2494 | 0000 0089 | bc24 9000 | 0000 4c89 | 8c24 8800 | 0000 488b 
  0x000001ab476f88f4: ;   {metadata(method data for {method} {0x000001ab5901dce0} 'defineClass' '(Ljava/lang/String;[BIILjava/security/ProtectionDomain;)Ljava/lang/Class;' in 'java/lang/ClassLoader')}
  0x000001ab476f88f4: da48 b8a0 | ceb1 59ab | 0100 0048 | 8380 1001 | 0000 0149 | 8bd8 4c8b | c34c 8bc9 | 488b ca48 
  0x000001ab476f8914: 8bd1 4889 | 9c24 8000 

  0x000001ab476f891c: ;   {optimized virtual_call}
  0x000001ab476f891c: 0000 90e8 

  0x000001ab476f8920: ; ImmutableOopMap {[120]=Oop [136]=Oop [128]=Oop }
                      ;*invokevirtual preDefineClass {reexecute=0 rethrow=0 return_oop=0}
                      ; - java.lang.ClassLoader::defineClass@4
  0x000001ab476f8920: 7c71 edff | 4889 8424 | 9800 0000 | 488b 5424 

  0x000001ab476f8930: ;   {metadata(method data for {method} {0x000001ab5901dce0} 'defineClass' '(Ljava/lang/String;[BIILjava/security/ProtectionDomain;)Ljava/lang/Class;' in 'java/lang/ClassLoader')}
  0x000001ab476f8930: 7849 b8a0 | ceb1 59ab | 0100 0049 | 8380 4801 

  0x000001ab476f8940: ;   {metadata(method data for {method} {0x000001ab5901db68} 'defineClassSourceLocation' '(Ljava/security/ProtectionDomain;)Ljava/lang/String;' in 'java/lang/ClassLoader')}
  0x000001ab476f8940: 0000 0149 | b8b8 d5b1 | 59ab 0100 | 0041 8b90 | cc00 0000 | 83c2 0241 | 8990 cc00 | 0000 81e2 
  0x000001ab476f8960: feff 1f00 | 83fa 000f | 84ce 0200 | 0048 3b00 

  0x000001ab476f8970: ;   {metadata(method data for {method} {0x000001ab5901db68} 'defineClassSourceLocation' '(Ljava/security/ProtectionDomain;)Ljava/lang/String;' in 'java/lang/ClassLoader')}
  0x000001ab476f8970: 4c8b c048 | bab8 d5b1 | 59ab 0100 | 0048 8382 | 1001 0000 | 0144 8b40 | 1049 83f8 

  0x000001ab476f898c: ;   {metadata(method data for {method} {0x000001ab5901db68} 'defineClassSourceLocation' '(Ljava/security/ProtectionDomain;)Ljava/lang/String;' in 'java/lang/ClassLoader')}
  0x000001ab476f898c: 0048 bab8 | d5b1 59ab | 0100 0048 | c7c6 5801 | 0000 0f85 | 0700 0000 | 48c7 c648 | 0100 0048 
  0x000001ab476f89ac: 8b3c 3248 | 8d7f 0148 | 893c 320f | 850f 0000 

  0x000001ab476f89bc: ;   {oop(NULL)}
  0x000001ab476f89bc: 0048 bb00 | 0000 0000 | 0000 00e9 | a301 0000 

  0x000001ab476f89cc: ; implicit exception: dispatches to 0x000001ab476f8c61
  0x000001ab476f89cc: 493b 0049 

  0x000001ab476f89d0: ;   {metadata(method data for {method} {0x000001ab5901db68} 'defineClassSourceLocation' '(Ljava/security/ProtectionDomain;)Ljava/lang/String;' in 'java/lang/ClassLoader')}
  0x000001ab476f89d0: 8bd0 48be | b8d5 b159 | ab01 0000 | 4883 8668 | 0100 0001 | 418b 500c | 4883 fa00 

  0x000001ab476f89ec: ;   {metadata(method data for {method} {0x000001ab5901db68} 'defineClassSourceLocation' '(Ljava/security/ProtectionDomain;)Ljava/lang/String;' in 'java/lang/ClassLoader')}
  0x000001ab476f89ec: 48be b8d5 | b159 ab01 | 0000 48c7 | c7b0 0100 | 000f 8507 | 0000 0048 | c7c7 a001 | 0000 488b 
  0x000001ab476f8a0c: 1c3e 488d | 5b01 4889 | 1c3e 0f85 | 0f00 0000 

  0x000001ab476f8a1c: ;   {oop(NULL)}
  0x000001ab476f8a1c: 48bb 0000 | 0000 0000 | 0000 e944 

  0x000001ab476f8a28: ;   {metadata(method data for {method} {0x000001ab5901db68} 'defineClassSourceLocation' '(Ljava/security/ProtectionDomain;)Ljava/lang/String;' in 'java/lang/ClassLoader')}
  0x000001ab476f8a28: 0100 0048 | beb8 d5b1 | 59ab 0100 | 0048 8386 | c001 0000 | 0148 3b02 

  0x000001ab476f8a40: ;   {metadata(method data for {method} {0x000001ab5901db68} 'defineClassSourceLocation' '(Ljava/security/ProtectionDomain;)Ljava/lang/String;' in 'java/lang/ClassLoader')}
  0x000001ab476f8a40: 4c8b c248 | beb8 d5b1 | 59ab 0100 | 0048 8386 | f801 0000 

  0x000001ab476f8a54: ;   {metadata(method data for {method} {0x000001ab590ba5d0} 'toString' '()Ljava/lang/String;' in 'java/net/URL')}
  0x000001ab476f8a54: 0149 b838 | c4b1 59ab | 0100 0041 | 8bb0 cc00 | 0000 83c6 | 0241 89b0 | cc00 0000 | 81e6 feff 
  0x000001ab476f8a74: 1f00 83fe | 000f 84ec | 0100 004c 

  0x000001ab476f8a80: ;   {metadata(method data for {method} {0x000001ab590ba5d0} 'toString' '()Ljava/lang/String;' in 'java/net/URL')}
  0x000001ab476f8a80: 8bc2 48be | 38c4 b159 | ab01 0000 | 4883 8610 | 0100 0001 

  0x000001ab476f8a94: ;   {metadata(method data for {method} {0x000001ab590ba668} 'toExternalForm' '()Ljava/lang/String;' in 'java/net/URL')}
  0x000001ab476f8a94: 49b8 d848 | b159 ab01 | 0000 418b | b0cc 0000 | 0083 c602 | 4189 b0cc | 0000 0081 | e6fe ff1f 
  0x000001ab476f8ab4: 0083 fe00 | 0f84 ce01 | 0000 8b72 | 3848 3b06 

  0x000001ab476f8ac4: ;   {metadata(method data for {method} {0x000001ab590ba668} 'toExternalForm' '()Ljava/lang/String;' in 'java/net/URL')}
  0x000001ab476f8ac4: 4c8b c648 | bfd8 48b1 | 59ab 0100 | 0045 8b40 | 0849 c1e0 | 034c 3b87 | 2001 0000 | 750d 4883 
  0x000001ab476f8ae4: 8728 0100 | 0001 e966 | 0000 004c | 3b87 3001 | 0000 750d | 4883 8738 | 0100 0001 | e950 0000 
  0x000001ab476f8b04: 0048 81bf | 2001 0000 | 0000 0000 | 7517 4c89 | 8720 0100 | 0048 c787 | 2801 0000 | 0100 0000 
  0x000001ab476f8b24: e92c 0000 | 0048 81bf | 3001 0000 | 0000 0000 | 7517 4c89 | 8730 0100 | 0048 c787 | 3801 0000 
  0x000001ab476f8b44: 0100 0000 | e908 0000 | 0048 8387 | 1001 0000 | 014c 8bc2 | 488b d666 | 9048 b860 | e607 0001 
  0x000001ab476f8b64: ;   {virtual_call}
  0x000001ab476f8b64: 0000 00e8 

  0x000001ab476f8b68: ; ImmutableOopMap {[120]=Oop [136]=Oop [128]=Oop [152]=Oop }
                      ;*invokevirtual toExternalForm {reexecute=0 rethrow=0 return_oop=0}
                      ; - java.net.URL::toExternalForm@5
                      ; - java.net.URL::toString@1
                      ; - java.lang.ClassLoader::defineClassSourceLocation@22
                      ; - java.lang.ClassLoader::defineClass@12
  0x000001ab476f8b68: b4bd ebff | 488b d848 | 8b84 2498 | 0000 008b | b424 9400 | 0000 8bbc | 2490 0000 | 004c 8b8c 
  0x000001ab476f8b88: 2488 0000 | 004c 8b84 | 2480 0000 | 0048 8b54 

  0x000001ab476f8b98: ;   {metadata(method data for {method} {0x000001ab5901dce0} 'defineClass' '(Ljava/lang/String;[BIILjava/security/ProtectionDomain;)Ljava/lang/Class;' in 'java/lang/ClassLoader')}
  0x000001ab476f8b98: 2478 48b9 | a0ce b159 | ab01 0000 | 4883 8180 | 0100 0001 | 4c8b da49 | 8bd3 488b | c848 891c 
  0x000001ab476f8bb8: 2466 0f1f 

  0x000001ab476f8bbc: ;   {static_call}
  0x000001ab476f8bbc: 4400 00e8 

  0x000001ab476f8bc0: ; ImmutableOopMap {[152]=Oop [120]=Oop }
                      ;*invokestatic defineClass1 {reexecute=0 rethrow=0 return_oop=0}
                      ; - java.lang.ClassLoader::defineClass@27
  0x000001ab476f8bc0: f450 8307 | 488b 5424 

  0x000001ab476f8bc8: ;   {metadata(method data for {method} {0x000001ab5901dce0} 'defineClass' '(Ljava/lang/String;[BIILjava/security/ProtectionDomain;)Ljava/lang/Class;' in 'java/lang/ClassLoader')}
  0x000001ab476f8bc8: 7849 b8a0 | ceb1 59ab | 0100 0049 | 8380 9001 | 0000 014c | 8bc0 4c8b | 8c24 9800 | 0000 488b 
  0x000001ab476f8be8: 5424 7848 | 8984 24a0 | 0000 000f 

  0x000001ab476f8bf4: ;   {optimized virtual_call}
  0x000001ab476f8bf4: 1f40 00e8 

  0x000001ab476f8bf8: ; ImmutableOopMap {[160]=Oop }
                      ;*invokevirtual postDefineClass {reexecute=0 rethrow=0 return_oop=0}
                      ; - java.lang.ClassLoader::defineClass@37
  0x000001ab476f8bf8: a455 f5ff | 488b 8424 | a000 0000 | 4881 c4b0 | 0000 005d 

  0x000001ab476f8c0c: ;   {poll_return}
  0x000001ab476f8c0c: 493b a750 | 0300 000f | 8799 0000 

  0x000001ab476f8c18: ;   {metadata({method} {0x000001ab5901dce0} 'defineClass' '(Ljava/lang/String;[BIILjava/security/ProtectionDomain;)Ljava/lang/Class;' in 'java/lang/ClassLoader')}
  0x000001ab476f8c18: 00c3 49ba | d8dc 0159 | ab01 0000 | 4c89 5424 | 0848 c704 | 24ff ffff 

  0x000001ab476f8c30: ;   {runtime_call counter_overflow Runtime1 stub}
  0x000001ab476f8c30: ffe8 ca1a 

  0x000001ab476f8c34: ; ImmutableOopMap {rdx=Oop [120]=Oop r8=Oop r9=Oop rcx=Oop }
                      ;*synchronization entry
                      ; - java.lang.ClassLoader::defineClass@-1
  0x000001ab476f8c34: 3307 e9a1 

  0x000001ab476f8c38: ;   {metadata({method} {0x000001ab5901db68} 'defineClassSourceLocation' '(Ljava/security/ProtectionDomain;)Ljava/lang/String;' in 'java/lang/ClassLoader')}
  0x000001ab476f8c38: fcff ff49 | ba60 db01 | 59ab 0100 | 004c 8954 | 2408 48c7 | 0424 ffff 

  0x000001ab476f8c50: ;   {runtime_call counter_overflow Runtime1 stub}
  0x000001ab476f8c50: ffff e8a9 

  0x000001ab476f8c54: ; ImmutableOopMap {[120]=Oop [136]=Oop [128]=Oop rax=Oop [152]=Oop }
                      ;*synchronization entry
                      ; - java.lang.ClassLoader::defineClassSourceLocation@-1
                      ; - java.lang.ClassLoader::defineClass@12
  0x000001ab476f8c54: 1a33 07e9 | 11fd ffff 

  0x000001ab476f8c5c: ;   {runtime_call throw_null_pointer_exception Runtime1 stub}
  0x000001ab476f8c5c: e83f ea29 

  0x000001ab476f8c60: ; ImmutableOopMap {[120]=Oop [136]=Oop [128]=Oop rax=Oop [152]=Oop }
                      ;*invokevirtual getCodeSource {reexecute=0 rethrow=0 return_oop=0}
                      ; - java.lang.ClassLoader::defineClassSourceLocation@1
                      ; - java.lang.ClassLoader::defineClass@12
                      ;   {runtime_call throw_null_pointer_exception Runtime1 stub}
  0x000001ab476f8c60: 07e8 3aea 

  0x000001ab476f8c64: ; ImmutableOopMap {[120]=Oop [136]=Oop [128]=Oop rax=Oop [152]=Oop r8=Oop }
                      ;*invokevirtual getLocation {reexecute=0 rethrow=0 return_oop=0}
                      ; - java.lang.ClassLoader::defineClassSourceLocation@12
                      ; - java.lang.ClassLoader::defineClass@12
                      ;   {runtime_call throw_null_pointer_exception Runtime1 stub}
  0x000001ab476f8c64: 2907 e835 

  0x000001ab476f8c68: ; ImmutableOopMap {[120]=Oop [136]=Oop [128]=Oop [152]=Oop rdx=Oop }
                      ;*invokevirtual toString {reexecute=0 rethrow=0 return_oop=0}
                      ; - java.lang.ClassLoader::defineClassSourceLocation@22
                      ; - java.lang.ClassLoader::defineClass@12
                      ;   {metadata({method} {0x000001ab590ba5d0} 'toString' '()Ljava/lang/String;' in 'java/net/URL')}
  0x000001ab476f8c68: ea29 0749 | bac8 a50b | 59ab 0100 | 004c 8954 | 2408 48c7 | 0424 ffff 

  0x000001ab476f8c80: ;   {runtime_call counter_overflow Runtime1 stub}
  0x000001ab476f8c80: ffff e879 

  0x000001ab476f8c84: ; ImmutableOopMap {[120]=Oop [136]=Oop [128]=Oop [152]=Oop rdx=Oop }
                      ;*synchronization entry
                      ; - java.net.URL::toString@-1
                      ; - java.lang.ClassLoader::defineClassSourceLocation@22
                      ; - java.lang.ClassLoader::defineClass@12
  0x000001ab476f8c84: 1a33 07e9 | f3fd ffff 

  0x000001ab476f8c8c: ;   {metadata({method} {0x000001ab590ba668} 'toExternalForm' '()Ljava/lang/String;' in 'java/net/URL')}
  0x000001ab476f8c8c: 49ba 60a6 | 0b59 ab01 | 0000 4c89 | 5424 0848 | c704 24ff 

  0x000001ab476f8ca0: ;   {runtime_call counter_overflow Runtime1 stub}
  0x000001ab476f8ca0: ffff ffe8 

  0x000001ab476f8ca4: ; ImmutableOopMap {[120]=Oop [136]=Oop [128]=Oop [152]=Oop rdx=Oop }
                      ;*synchronization entry
                      ; - java.net.URL::toExternalForm@-1
                      ; - java.net.URL::toString@1
                      ; - java.lang.ClassLoader::defineClassSourceLocation@22
                      ; - java.lang.ClassLoader::defineClass@12
  0x000001ab476f8ca4: 581a 3307 | e911 feff 

  0x000001ab476f8cac: ;   {runtime_call throw_null_pointer_exception Runtime1 stub}
  0x000001ab476f8cac: ffe8 eee9 

  0x000001ab476f8cb0: ; ImmutableOopMap {[120]=Oop [136]=Oop [128]=Oop [152]=Oop rdx=Oop rsi=Oop }
                      ;*invokevirtual toExternalForm {reexecute=0 rethrow=0 return_oop=0}
                      ; - java.net.URL::toExternalForm@5
                      ; - java.net.URL::toString@1
                      ; - java.lang.ClassLoader::defineClassSourceLocation@22
                      ; - java.lang.ClassLoader::defineClass@12
                      ;   {internal_word}
  0x000001ab476f8cb0: 2907 49ba | 0c8c 6f47 | ab01 0000 | 4d89 9768 

  0x000001ab476f8cc0: ;   {runtime_call SafepointBlob}
  0x000001ab476f8cc0: 0300 00e9 | 38ea 2807 | 9090 498b | 87e0 0300 | 0049 c787 | e003 0000 | 0000 0000 | 49c7 87e8 
  0x000001ab476f8ce0: 0300 0000 | 0000 0048 | 81c4 b000 

  0x000001ab476f8cec: ;   {runtime_call unwind_exception Runtime1 stub}
  0x000001ab476f8cec: 0000 5de9 | 8cf8 2907 | f4f4 f4f4 | f4f4 f4f4 | f4f4 f4f4 
[Stub Code]
  0x000001ab476f8d00: ;   {no_reloc}
  0x000001ab476f8d00: 0f1f 4400 

  0x000001ab476f8d04: ;   {static_stub}
  0x000001ab476f8d04: 0048 bb00 | 0000 0000 

  0x000001ab476f8d0c: ;   {runtime_call}
  0x000001ab476f8d0c: 0000 00e9 | fbff ffff 

  0x000001ab476f8d14: ;   {static_stub}
  0x000001ab476f8d14: 9048 bb00 | 0000 0000 

  0x000001ab476f8d1c: ;   {runtime_call}
  0x000001ab476f8d1c: 0000 00e9 | fbff ffff 

  0x000001ab476f8d24: ;   {static_stub}
  0x000001ab476f8d24: 9048 bb00 | 0000 0000 

  0x000001ab476f8d2c: ;   {runtime_call}
  0x000001ab476f8d2c: 0000 00e9 | fbff ffff 

  0x000001ab476f8d34: ;   {static_stub}
  0x000001ab476f8d34: 9048 bb00 | 0000 0000 

  0x000001ab476f8d3c: ;   {runtime_call}
  0x000001ab476f8d3c: 0000 00e9 | fbff ffff 
[Exception Handler]
  0x000001ab476f8d44: ;   {runtime_call handle_exception_from_callee Runtime1 stub}
  0x000001ab476f8d44: e837 cb29 

  0x000001ab476f8d48: ;   {external_word}
  0x000001ab476f8d48: 0748 b9a0 | e9c2 8bfa | 7f00 0048 

  0x000001ab476f8d54: ;   {runtime_call}
  0x000001ab476f8d54: 83e4 f049 | ba40 718b | 8bfa 7f00 | 0041 ffd2 

  0x000001ab476f8d64: ;   {section_word}
  0x000001ab476f8d64: f449 ba65 | 8d6f 47ab | 0100 0041 

  0x000001ab476f8d70: ;   {runtime_call DeoptimizationBlob}
  0x000001ab476f8d70: 52e9 2adc | 2807 f4f4 
[/MachCode]


Compiled method (c1)   23071 1730   !   3       org.eclipse.osgi.internal.loader.BundleLoader::findClass0 (470 bytes)
 total in heap  [0x000001ab476fb110,0x000001ab47700a20] = 22800
 relocation     [0x000001ab476fb268,0x000001ab476fb880] = 1560
 main code      [0x000001ab476fb880,0x000001ab476ff2c0] = 14912
 stub code      [0x000001ab476ff2c0,0x000001ab476ff648] = 904
 oops           [0x000001ab476ff648,0x000001ab476ff680] = 56
 metadata       [0x000001ab476ff680,0x000001ab476ff750] = 208
 scopes data    [0x000001ab476ff750,0x000001ab476fff80] = 2096
 scopes pcs     [0x000001ab476fff80,0x000001ab477007f0] = 2160
 dependencies   [0x000001ab477007f0,0x000001ab47700838] = 72
 handler table  [0x000001ab47700838,0x000001ab47700958] = 288
 nul chk table  [0x000001ab47700958,0x000001ab47700a20] = 200

[Constant Pool (empty)]

[MachCode]
[Entry Point]
  # {method} {0x000001ab59a146d8} 'findClass0' '(Ljava/lang/String;ZZ)Ljava/lang/Class;' in 'org/eclipse/osgi/internal/loader/BundleLoader'
  # this:     rdx:rdx   = 'org/eclipse/osgi/internal/loader/BundleLoader'
  # parm0:    r8:r8     = 'java/lang/String'
  # parm1:    r9        = boolean
  # parm2:    rdi       = boolean
  #           [sp+0x130]  (sp of caller)
  0x000001ab476fb880: 448b 5208 | 49c1 e203 

  0x000001ab476fb888: ;   {runtime_call ic_miss_stub}
  0x000001ab476fb888: 4c3b d00f | 85ef 5428 | 0766 6666 | 0f1f 8400 | 0000 0000 | 6666 6690 
[Verified Entry Point]
  0x000001ab476fb8a0: 8984 2400 | 90ff ff55 | 4881 ec20 | 0100 0048 | 8994 2490 | 0000 004c | 8984 2498 | 0000 0044 
  0x000001ab476fb8c0: 898c 24a0 

  0x000001ab476fb8c4: ;   {metadata(method data for {method} {0x000001ab59a146d8} 'findClass0' '(Ljava/lang/String;ZZ)Ljava/lang/Class;' in 'org/eclipse/osgi/internal/loader/BundleLoader')}
  0x000001ab476fb8c4: 0000 0048 | be00 80d5 | 59ab 0100 | 008b 9ecc | 0000 0083 | c302 899e | cc00 0000 | 81e3 fe07 
  0x000001ab476fb8e4: 0000 83fb | 000f 8405 | 3100 0041 

  0x000001ab476fb8f0: ;   {metadata(method data for {method} {0x000001ab59a146d8} 'findClass0' '(Ljava/lang/String;ZZ)Ljava/lang/Class;' in 'org/eclipse/osgi/internal/loader/BundleLoader')}
  0x000001ab476fb8f0: 83f9 0048 | be00 80d5 | 59ab 0100 | 0048 c7c3 | 2001 0000 | 0f85 0700 | 0000 48c7 | c310 0100 
  0x000001ab476fb910: 0048 8b04 | 1e48 8d40 | 0148 8904 | 1e0f 850c | 0000 0089 | bc24 a400 | 0000 e9f3 | 0000 008b 
  0x000001ab476fb930: 7248 4883 

  0x000001ab476fb934: ;   {metadata(method data for {method} {0x000001ab59a146d8} 'findClass0' '(Ljava/lang/String;ZZ)Ljava/lang/Class;' in 'org/eclipse/osgi/internal/loader/BundleLoader')}
  0x000001ab476fb934: fe00 48be | 0080 d559 | ab01 0000 | 48c7 c330 | 0100 000f | 8407 0000 | 0048 c7c3 | 4001 0000 
  0x000001ab476fb954: 488b 041e | 488d 4001 | 4889 041e | 89bc 24a4 | 0000 000f | 84b5 0000 | 0049 3b00 

  0x000001ab476fb970: ;   {metadata(method data for {method} {0x000001ab59a146d8} 'findClass0' '(Ljava/lang/String;ZZ)Ljava/lang/Class;' in 'org/eclipse/osgi/internal/loader/BundleLoader')}
  0x000001ab476fb970: 498b f048 | bb00 80d5 | 59ab 0100 | 0048 8383 | 5001 0000 

  0x000001ab476fb984: ;   {metadata(method data for {method} {0x000001ab59009198} 'startsWith' '(Ljava/lang/String;)Z' in 'java/lang/String')}
  0x000001ab476fb984: 0148 be30 | f34a 59ab | 0100 008b | 9ecc 0000 | 0083 c302 | 899e cc00 | 0000 81e3 | feff 1f00 
  0x000001ab476fb9a4: 83fb 000f | 846d 3000 | 0049 8bf0 

  0x000001ab476fb9b0: ;   {metadata(method data for {method} {0x000001ab59009198} 'startsWith' '(Ljava/lang/String;)Z' in 'java/lang/String')}
  0x000001ab476fb9b0: 48bb 30f3 | 4a59 ab01 | 0000 4883 | 8310 0100 | 0001 498b 

  0x000001ab476fb9c4: ;   {oop("java."{0x00000000c00038a8})}
  0x000001ab476fb9c4: f049 b8a8 | 3800 c000 | 0000 0041 | b900 0000 | 0048 8bd6 | 0f1f 8000 

  0x000001ab476fb9dc: ;   {optimized virtual_call}
  0x000001ab476fb9dc: 0000 00e8 

  0x000001ab476fb9e0: ; ImmutableOopMap {[144]=Oop [152]=Oop }
                      ;*invokevirtual startsWith {reexecute=0 rethrow=0 return_oop=0}
                      ; - java.lang.String::startsWith@3
                      ; - org.eclipse.osgi.internal.loader.BundleLoader::findClass0@14 (line 461)
  0x000001ab476fb9e0: 5cfa 8207 | 83e0 0183 

  0x000001ab476fb9e8: ;   {metadata(method data for {method} {0x000001ab59a146d8} 'findClass0' '(Ljava/lang/String;ZZ)Ljava/lang/Class;' in 'org/eclipse/osgi/internal/loader/BundleLoader')}
  0x000001ab476fb9e8: f800 48ba | 0080 d559 | ab01 0000 | 48c7 c698 | 0100 000f | 8507 0000 | 0048 c7c6 | 8801 0000 
  0x000001ab476fba08: 488b 3c32 | 488d 7f01 | 4889 3c32 | 488b 9424 | 9000 0000 | 0f85 4c2d | 0000 8b72 | 180f be76 
  0x000001ab476fba28: 0e83 fe00 

  0x000001ab476fba2c: ;   {metadata(method data for {method} {0x000001ab59a146d8} 'findClass0' '(Ljava/lang/String;ZZ)Ljava/lang/Class;' in 'org/eclipse/osgi/internal/loader/BundleLoader')}
  0x000001ab476fba2c: 48be 0080 | d559 ab01 | 0000 48c7 | c7e0 0100 | 000f 8407 | 0000 0048 | c7c7 f001 | 0000 488b 
  0x000001ab476fba4c: 043e 488d | 4001 4889 | 043e 0f84 | e005 0000 | 0f1f 4000 

  0x000001ab476fba60: ;   {no_reloc}
  0x000001ab476fba60: e9ea 2f00 | 0000 0000 | 0000 498b | 8708 0100 | 0048 8d78 | 1849 3bbf | 1801 0000 | 0f87 d72f 
  0x000001ab476fba80: 0000 4989 | bf08 0100 | 0048 c700 | 0100 0000 | 488b ca48 | c1e9 0389 | 4808 4833 | c989 480c 
  0x000001ab476fbaa0: 4833 c948 | 8948 104c 

  0x000001ab476fbaa8: ;   {metadata(method data for {method} {0x000001ab59a146d8} 'findClass0' '(Ljava/lang/String;ZZ)Ljava/lang/Class;' in 'org/eclipse/osgi/internal/loader/BundleLoader')}
  0x000001ab476fbaa8: 8bc0 48ba | 0080 d559 | ab01 0000 | 4883 8200 | 0200 0001 

  0x000001ab476fbabc: ;   {metadata(method data for {method} {0x000001ab5909a268} '<init>' '(Ljava/lang/String;)V' in 'java/lang/StringBuilder')}
  0x000001ab476fbabc: 49b8 70f3 | 7f59 ab01 | 0000 418b | 90cc 0000 | 0083 c202 | 4189 90cc | 0000 0081 | e2fe ff1f 
  0x000001ab476fbadc: 0083 fa00 | 0f84 802f | 0000 4c8b 

  0x000001ab476fbae8: ;   {metadata(method data for {method} {0x000001ab5909a268} '<init>' '(Ljava/lang/String;)V' in 'java/lang/StringBuilder')}
  0x000001ab476fbae8: c048 ba70 | f37f 59ab | 0100 0048 | 8382 1001 

  0x000001ab476fbaf8: ;   {oop("BundleLoader["{0x00000000c0000b08})}
  0x000001ab476fbaf8: 0000 0149 | b808 0b00 | c000 0000 | 0048 8bd0 | 4889 8424 | a800 0000 | 0f1f 8000 

  0x000001ab476fbb14: ;   {optimized virtual_call}
  0x000001ab476fbb14: 0000 00e8 

  0x000001ab476fbb18: ; ImmutableOopMap {[152]=Oop [144]=Oop [168]=Oop }
                      ;*invokespecial <init> {reexecute=0 rethrow=0 return_oop=0}
                      ; - java.lang.StringBuilder::<init>@2
                      ; - org.eclipse.osgi.internal.loader.BundleLoader::findClass0@46 (line 469)
  0x000001ab476fbb18: 6455 2807 | 488b 8424 | a800 0000 

  0x000001ab476fbb24: ;   {metadata(method data for {method} {0x000001ab59a146d8} 'findClass0' '(Ljava/lang/String;ZZ)Ljava/lang/Class;' in 'org/eclipse/osgi/internal/loader/BundleLoader')}
  0x000001ab476fbb24: 48ba 0080 | d559 ab01 | 0000 4883 | 8210 0200 

  0x000001ab476fbb34: ;   {metadata(method data for {method} {0x000001ab5909a430} 'append' '(Ljava/lang/Object;)Ljava/lang/StringBuilder;' in 'java/lang/StringBuilder')}
  0x000001ab476fbb34: 0001 48ba | 0841 9d59 | ab01 0000 | 8bb2 cc00 | 0000 83c6 | 0289 b2cc | 0000 0081 | e6fe ff1f 
  0x000001ab476fbb54: 0083 fe00 | 0f84 292f 

  0x000001ab476fbb5c: ;   {metadata(method data for {method} {0x000001ab5909a430} 'append' '(Ljava/lang/Object;)Ljava/lang/StringBuilder;' in 'java/lang/StringBuilder')}
  0x000001ab476fbb5c: 0000 48ba | 0841 9d59 | ab01 0000 | 4883 8210 | 0100 0001 

  0x000001ab476fbb70: ;   {metadata(method data for {method} {0x000001ab5900b988} 'valueOf' '(Ljava/lang/Object;)Ljava/lang/String;' in 'java/lang/String')}
  0x000001ab476fbb70: 48ba 108f | 7d59 ab01 | 0000 8bb2 | cc00 0000 | 83c6 0289 | b2cc 0000 | 0081 e6fe | ff1f 0083 
  0x000001ab476fbb90: fe00 0f84 | 102f 0000 

  0x000001ab476fbb98: ;   {metadata(method data for {method} {0x000001ab5900b988} 'valueOf' '(Ljava/lang/Object;)Ljava/lang/String;' in 'java/lang/String')}
  0x000001ab476fbb98: 48ba 108f | 7d59 ab01 | 0000 ff82 | 1001 0000 | 488b 9424 | 9000 0000 

  0x000001ab476fbbb0: ;   {metadata(method data for {method} {0x000001ab5900b988} 'valueOf' '(Ljava/lang/Object;)Ljava/lang/String;' in 'java/lang/String')}
  0x000001ab476fbbb0: 48be 108f | 7d59 ab01 | 0000 8b52 | 0848 c1e2 | 0348 3b96 | 5801 0000 | 750d 4883 | 8660 0100 
  0x000001ab476fbbd0: 0001 e966 | 0000 0048 | 3b96 6801 | 0000 750d | 4883 8670 | 0100 0001 | e950 0000 | 0048 81be 
  0x000001ab476fbbf0: 5801 0000 | 0000 0000 | 7517 4889 | 9658 0100 | 0048 c786 | 6001 0000 | 0100 0000 | e92c 0000 
  0x000001ab476fbc10: 0048 81be | 6801 0000 | 0000 0000 | 7517 4889 | 9668 0100 | 0048 c786 | 7001 0000 | 0100 0000 
  0x000001ab476fbc30: e908 0000 | 0048 8386 | 4801 0000 | 0148 8b94 | 2490 0000 

  0x000001ab476fbc44: ;   {optimized virtual_call}
  0x000001ab476fbc44: 0066 90e8 

  0x000001ab476fbc48: ; ImmutableOopMap {[152]=Oop [144]=Oop [168]=Oop }
                      ;*invokevirtual toString {reexecute=0 rethrow=0 return_oop=0}
                      ; - java.lang.String::valueOf@11
                      ; - java.lang.StringBuilder::append@2
                      ; - org.eclipse.osgi.internal.loader.BundleLoader::findClass0@50 (line 469)
  0x000001ab476fbc48: 3454 2807 | 4c8b 8424 | a800 0000 

  0x000001ab476fbc54: ;   {metadata(method data for {method} {0x000001ab5909a430} 'append' '(Ljava/lang/Object;)Ljava/lang/StringBuilder;' in 'java/lang/StringBuilder')}
  0x000001ab476fbc54: 48ba 0841 | 9d59 ab01 | 0000 4883 | 8220 0100 

  0x000001ab476fbc64: ;   {metadata(method data for {method} {0x000001ab5909a4c8} 'append' '(Ljava/lang/String;)Ljava/lang/StringBuilder;' in 'java/lang/StringBuilder')}
  0x000001ab476fbc64: 0001 49b8 | a805 3e59 | ab01 0000 | 418b 90cc | 0000 0083 | c202 4189 | 90cc 0000 | 0081 e2fe 
  0x000001ab476fbc84: ff1f 0083 | fa00 0f84 | 392e 0000 | 4c8b 8424 | a800 0000 

  0x000001ab476fbc98: ;   {metadata(method data for {method} {0x000001ab5909a4c8} 'append' '(Ljava/lang/String;)Ljava/lang/StringBuilder;' in 'java/lang/StringBuilder')}
  0x000001ab476fbc98: 48ba a805 | 3e59 ab01 | 0000 4883 | 8210 0100 | 0001 4c8b | c048 8b94 | 24a8 0000 

  0x000001ab476fbcb4: ;   {optimized virtual_call}
  0x000001ab476fbcb4: 0066 90e8 

  0x000001ab476fbcb8: ; ImmutableOopMap {[152]=Oop [144]=Oop [168]=Oop }
                      ;*invokespecial append {reexecute=0 rethrow=0 return_oop=0}
                      ; - java.lang.StringBuilder::append@2
                      ; - java.lang.StringBuilder::append@5
                      ; - org.eclipse.osgi.internal.loader.BundleLoader::findClass0@50 (line 469)
  0x000001ab476fbcb8: c453 2807 | 488b 8424 | a800 0000 

  0x000001ab476fbcc4: ;   {metadata(method data for {method} {0x000001ab59a146d8} 'findClass0' '(Ljava/lang/String;ZZ)Ljava/lang/Class;' in 'org/eclipse/osgi/internal/loader/BundleLoader')}
  0x000001ab476fbcc4: 49b8 0080 | d559 ab01 | 0000 4983 | 8048 0200 

  0x000001ab476fbcd4: ;   {metadata(method data for {method} {0x000001ab5909a4c8} 'append' '(Ljava/lang/String;)Ljava/lang/StringBuilder;' in 'java/lang/StringBuilder')}
  0x000001ab476fbcd4: 0001 49b8 | a805 3e59 | ab01 0000 | 418b 90cc | 0000 0083 | c202 4189 | 90cc 0000 | 0081 e2fe 
  0x000001ab476fbcf4: ff1f 0083 | fa00 0f84 | ea2d 0000 | 488b 8424 | a800 0000 

  0x000001ab476fbd08: ;   {metadata(method data for {method} {0x000001ab5909a4c8} 'append' '(Ljava/lang/String;)Ljava/lang/StringBuilder;' in 'java/lang/StringBuilder')}
  0x000001ab476fbd08: 49b8 a805 | 3e59 ab01 | 0000 4983 | 8010 0100 

  0x000001ab476fbd18: ;   {oop("].findClass("{0x00000000eab2adc0})}
  0x000001ab476fbd18: 0001 49b8 | c0ad b2ea | 0000 0000 | 488b 9424 | a800 0000 

  0x000001ab476fbd2c: ;   {optimized virtual_call}
  0x000001ab476fbd2c: 6666 90e8 

  0x000001ab476fbd30: ; ImmutableOopMap {[152]=Oop [144]=Oop [168]=Oop }
                      ;*invokespecial append {reexecute=0 rethrow=0 return_oop=0}
                      ; - java.lang.StringBuilder::append@2
                      ; - org.eclipse.osgi.internal.loader.BundleLoader::findClass0@56 (line 469)
  0x000001ab476fbd30: 4c53 2807 | 488b 8424 | a800 0000 

  0x000001ab476fbd3c: ;   {metadata(method data for {method} {0x000001ab59a146d8} 'findClass0' '(Ljava/lang/String;ZZ)Ljava/lang/Class;' in 'org/eclipse/osgi/internal/loader/BundleLoader')}
  0x000001ab476fbd3c: 49b8 0080 | d559 ab01 | 0000 4983 | 8080 0200 

  0x000001ab476fbd4c: ;   {metadata(method data for {method} {0x000001ab5909a4c8} 'append' '(Ljava/lang/String;)Ljava/lang/StringBuilder;' in 'java/lang/StringBuilder')}
  0x000001ab476fbd4c: 0001 49b8 | a805 3e59 | ab01 0000 | 418b 90cc | 0000 0083 | c202 4189 | 90cc 0000 | 0081 e2fe 
  0x000001ab476fbd6c: ff1f 0083 | fa00 0f84 | 932d 0000 | 488b 8424 | a800 0000 

  0x000001ab476fbd80: ;   {metadata(method data for {method} {0x000001ab5909a4c8} 'append' '(Ljava/lang/String;)Ljava/lang/StringBuilder;' in 'java/lang/StringBuilder')}
  0x000001ab476fbd80: 49b8 a805 | 3e59 ab01 | 0000 4983 | 8010 0100 | 0001 4c8b | 8424 9800 | 0000 488b | 9424 a800 
  0x000001ab476fbda0: 0000 0f1f 

  0x000001ab476fbda4: ;   {optimized virtual_call}
  0x000001ab476fbda4: 4400 00e8 

  0x000001ab476fbda8: ; ImmutableOopMap {[152]=Oop [144]=Oop [168]=Oop }
                      ;*invokespecial append {reexecute=0 rethrow=0 return_oop=0}
                      ; - java.lang.StringBuilder::append@2
                      ; - org.eclipse.osgi.internal.loader.BundleLoader::findClass0@60 (line 469)
  0x000001ab476fbda8: d452 2807 | 488b 8424 | a800 0000 

  0x000001ab476fbdb4: ;   {metadata(method data for {method} {0x000001ab59a146d8} 'findClass0' '(Ljava/lang/String;ZZ)Ljava/lang/Class;' in 'org/eclipse/osgi/internal/loader/BundleLoader')}
  0x000001ab476fbdb4: 49b8 0080 | d559 ab01 | 0000 4983 | 80b8 0200 

  0x000001ab476fbdc4: ;   {metadata(method data for {method} {0x000001ab5909a4c8} 'append' '(Ljava/lang/String;)Ljava/lang/StringBuilder;' in 'java/lang/StringBuilder')}
  0x000001ab476fbdc4: 0001 49b8 | a805 3e59 | ab01 0000 | 418b 90cc | 0000 0083 | c202 4189 | 90cc 0000 | 0081 e2fe 
  0x000001ab476fbde4: ff1f 0083 | fa00 0f84 | 3c2d 0000 | 488b 8424 | a800 0000 

  0x000001ab476fbdf8: ;   {metadata(method data for {method} {0x000001ab5909a4c8} 'append' '(Ljava/lang/String;)Ljava/lang/StringBuilder;' in 'java/lang/StringBuilder')}
  0x000001ab476fbdf8: 49b8 a805 | 3e59 ab01 | 0000 4983 | 8010 0100 

  0x000001ab476fbe08: ;   {oop(")"{0x00000000c00000f8})}
  0x000001ab476fbe08: 0001 49b8 | f800 00c0 | 0000 0000 | 488b 9424 | a800 0000 

  0x000001ab476fbe1c: ;   {optimized virtual_call}
  0x000001ab476fbe1c: 6666 90e8 

  0x000001ab476fbe20: ; ImmutableOopMap {[152]=Oop [144]=Oop [168]=Oop }
                      ;*invokespecial append {reexecute=0 rethrow=0 return_oop=0}
                      ; - java.lang.StringBuilder::append@2
                      ; - org.eclipse.osgi.internal.loader.BundleLoader::findClass0@66 (line 469)
  0x000001ab476fbe20: 5c52 2807 | 488b 8424 | a800 0000 

  0x000001ab476fbe2c: ;   {metadata(method data for {method} {0x000001ab59a146d8} 'findClass0' '(Ljava/lang/String;ZZ)Ljava/lang/Class;' in 'org/eclipse/osgi/internal/loader/BundleLoader')}
  0x000001ab476fbe2c: 48ba 0080 | d559 ab01 | 0000 4883 | 82f0 0200 

  0x000001ab476fbe3c: ;   {metadata(method data for {method} {0x000001ab5909b840} 'toString' '()Ljava/lang/String;' in 'java/lang/StringBuilder')}
  0x000001ab476fbe3c: 0001 48ba | 5009 3e59 | ab01 0000 | 448b 82cc | 0000 0041 | 83c0 0244 | 8982 cc00 | 0000 4181 
  0x000001ab476fbe5c: e0fe ff1f | 0041 83f8 | 000f 84e2 | 2c00 0048 | 8b84 24a8 

  0x000001ab476fbe70: ;   {metadata(method data for {method} {0x000001ab5909b840} 'toString' '()Ljava/lang/String;' in 'java/lang/StringBuilder')}
  0x000001ab476fbe70: 0000 0048 | ba50 093e | 59ab 0100 | 0048 8382 | 1001 0000 

  0x000001ab476fbe84: ;   {metadata(method data for {method} {0x000001ab590982c8} 'isLatin1' '()Z' in 'java/lang/AbstractStringBuilder')}
  0x000001ab476fbe84: 0148 bad0 | b63b 59ab | 0100 0044 | 8b82 cc00 | 0000 4183 | c002 4489 | 82cc 0000 | 0041 81e0 
  0x000001ab476fbea4: feff 1f00 | 4183 f800 | 0f84 bc2c 

  0x000001ab476fbeb0: ;   {metadata(method data for {method} {0x000001ab590982c8} 'isLatin1' '()Z' in 'java/lang/AbstractStringBuilder')}
  0x000001ab476fbeb0: 0000 48ba | d0b6 3b59 | ab01 0000 | ff82 2001 | 0000 488b | 8424 a800 | 0000 0fbe | 5010 83fa 
  0x000001ab476fbed0: ;   {metadata(method data for {method} {0x000001ab590982c8} 'isLatin1' '()Z' in 'java/lang/AbstractStringBuilder')}
  0x000001ab476fbed0: 0048 bad0 | b63b 59ab | 0100 0049 | c7c0 3001 | 0000 0f85 | 0700 0000 | 49c7 c040 | 0100 004e 
  0x000001ab476fbef0: 8b0c 024d | 8d49 014e | 890c 020f | 851a 0000 

  0x000001ab476fbf00: ;   {metadata(method data for {method} {0x000001ab590982c8} 'isLatin1' '()Z' in 'java/lang/AbstractStringBuilder')}
  0x000001ab476fbf00: 0048 bad0 | b63b 59ab | 0100 00ff | 8250 0100 | 00ba 0100 | 0000 e905 | 0000 00ba | 0000 0000 
  0x000001ab476fbf20: 83e2 0183 

  0x000001ab476fbf24: ;   {metadata(method data for {method} {0x000001ab5909b840} 'toString' '()Ljava/lang/String;' in 'java/lang/StringBuilder')}
  0x000001ab476fbf24: fa00 48ba | 5009 3e59 | ab01 0000 | 49c7 c048 | 0100 000f | 8407 0000 | 0049 c7c0 | 5801 0000 
  0x000001ab476fbf44: 4e8b 0c02 | 4d8d 4901 | 4e89 0c02 | 0f84 3b00 | 0000 8b50 | 1444 8b48 

  0x000001ab476fbf5c: ;   {metadata(method data for {method} {0x000001ab5909b840} 'toString' '()Ljava/lang/String;' in 'java/lang/StringBuilder')}
  0x000001ab476fbf5c: 0c49 b850 | 093e 59ab | 0100 0049 | 8380 6801 | 0000 0141 | b800 0000 

  0x000001ab476fbf74: ;   {static_call}
  0x000001ab476fbf74: 0066 90e8 

  0x000001ab476fbf78: ; ImmutableOopMap {[152]=Oop [144]=Oop }
                      ;*invokestatic newString {reexecute=0 rethrow=0 return_oop=0}
                      ; - java.lang.StringBuilder::toString@16
                      ; - org.eclipse.osgi.internal.loader.BundleLoader::findClass0@69 (line 469)
  0x000001ab476fbf78: 0457 2807 

  0x000001ab476fbf7c: ;   {metadata(method data for {method} {0x000001ab5909b840} 'toString' '()Ljava/lang/String;' in 'java/lang/StringBuilder')}
  0x000001ab476fbf7c: 48ba 5009 | 3e59 ab01 | 0000 ff82 | 7801 0000 | e92b 0000 | 008b 5014 | 448b 480c 

  0x000001ab476fbf98: ;   {metadata(method data for {method} {0x000001ab5909b840} 'toString' '()Ljava/lang/String;' in 'java/lang/StringBuilder')}
  0x000001ab476fbf98: 49b8 5009 | 3e59 ab01 | 0000 4983 | 8090 0100 | 0001 41b8 | 0000 0000 | 0f1f 8000 

  0x000001ab476fbfb4: ;   {static_call}
  0x000001ab476fbfb4: 0000 00e8 

  0x000001ab476fbfb8: ; ImmutableOopMap {[152]=Oop [144]=Oop }
                      ;*invokestatic newString {reexecute=0 rethrow=0 return_oop=0}
                      ; - java.lang.StringBuilder::toString@31
                      ; - org.eclipse.osgi.internal.loader.BundleLoader::findClass0@69 (line 469)
  0x000001ab476fbfb8: c456 2807 

  0x000001ab476fbfbc: ;   {metadata(method data for {method} {0x000001ab59a146d8} 'findClass0' '(Ljava/lang/String;ZZ)Ljava/lang/Class;' in 'org/eclipse/osgi/internal/loader/BundleLoader')}
  0x000001ab476fbfbc: 49b8 0080 | d559 ab01 | 0000 4983 | 8028 0300 

  0x000001ab476fbfcc: ;   {metadata(method data for {method} {0x000001ab59869db0} 'println' '(Ljava/lang/String;)V' in 'org/eclipse/osgi/internal/debug/Debug')}
  0x000001ab476fbfcc: 0001 49b8 | 2057 d059 | ab01 0000 | 418b 90cc | 0000 0083 | c202 4189 | 90cc 0000 | 0081 e2fe 
  0x000001ab476fbfec: ff1f 0083 | fa00 0f84 | 972b 0000 

  0x000001ab476fbff8: ;   {oop(a 'java/lang/Class'{0x00000000c0000128} = 'org/eclipse/osgi/internal/debug/Debug')}
  0x000001ab476fbff8: 49b8 2801 | 00c0 0000 | 0000 418b | 90d4 0000 | 0048 3b02 

  0x000001ab476fc00c: ;   {metadata(method data for {method} {0x000001ab59869db0} 'println' '(Ljava/lang/String;)V' in 'org/eclipse/osgi/internal/debug/Debug')}
  0x000001ab476fc00c: 4c8b c248 | be20 57d0 | 59ab 0100 

  0x000001ab476fc018: ;   {metadata('java/io/PrintStream')}
  0x000001ab476fc018: 0049 ba60 | 8906 0001 | 0000 004c | 8996 2001 | 0000 4883 | 8628 0100 | 0001 4c8b 

  0x000001ab476fc034: ;   {optimized virtual_call}
  0x000001ab476fc034: c066 90e8 

  0x000001ab476fc038: ; ImmutableOopMap {[152]=Oop [144]=Oop }
                      ;*invokevirtual println {reexecute=0 rethrow=0 return_oop=0}
                      ; - org.eclipse.osgi.internal.debug.Debug::println@4 (line 358)
                      ; - org.eclipse.osgi.internal.loader.BundleLoader::findClass0@72 (line 469)
  0x000001ab476fc038: 4450 2807 | 4c8b 8424 | 9800 0000 

  0x000001ab476fc044: ;   {metadata(method data for {method} {0x000001ab59a146d8} 'findClass0' '(Ljava/lang/String;ZZ)Ljava/lang/Class;' in 'org/eclipse/osgi/internal/loader/BundleLoader')}
  0x000001ab476fc044: 48b9 0080 | d559 ab01 | 0000 4883 | 8138 0300 

  0x000001ab476fc054: ;   {metadata(method data for {method} {0x000001ab59a12b88} 'getPackageName' '(Ljava/lang/String;)Ljava/lang/String;' in 'org/eclipse/osgi/internal/loader/BundleLoader')}
  0x000001ab476fc054: 0001 48b9 | 2037 e159 | ab01 0000 | 448b 89cc | 0000 0041 | 83c1 0244 | 8989 cc00 | 0000 4181 
  0x000001ab476fc074: e1fe ff1f | 0041 83f9 | 000f 8432 | 2b00 0049 

  0x000001ab476fc084: ;   {metadata(method data for {method} {0x000001ab59a12b88} 'getPackageName' '(Ljava/lang/String;)Ljava/lang/String;' in 'org/eclipse/osgi/internal/loader/BundleLoader')}
  0x000001ab476fc084: 83f8 0048 | b920 37e1 | 59ab 0100 | 0049 c7c1 | 1001 0000 | 0f84 0700 | 0000 49c7 | c120 0100 
  0x000001ab476fc0a4: 004a 8b14 | 0948 8d52 | 014a 8914 | 090f 8458 | 0100 0049 | 3b00 498b 

  0x000001ab476fc0bc: ;   {metadata(method data for {method} {0x000001ab59a12b88} 'getPackageName' '(Ljava/lang/String;)Ljava/lang/String;' in 'org/eclipse/osgi/internal/loader/BundleLoader')}
  0x000001ab476fc0bc: c849 b920 | 37e1 59ab | 0100 0049 | 8381 3001 

  0x000001ab476fc0cc: ;   {metadata(method data for {method} {0x000001ab590094c8} 'lastIndexOf' '(I)I' in 'java/lang/String')}
  0x000001ab476fc0cc: 0000 0148 | b950 e94a | 59ab 0100 | 0044 8b89 | cc00 0000 | 4183 c102 | 4489 89cc | 0000 0041 
  0x000001ab476fc0ec: 81e1 feff | 1f00 4183 | f900 0f84 | df2a 0000 

  0x000001ab476fc0fc: ;   {metadata(method data for {method} {0x000001ab590094c8} 'lastIndexOf' '(I)I' in 'java/lang/String')}
  0x000001ab476fc0fc: 498b c849 | b950 e94a | 59ab 0100 | 0049 8381 | 1001 0000 

  0x000001ab476fc110: ;   {metadata(method data for {method} {0x000001ab59008060} 'length' '()I' in 'java/lang/String')}
  0x000001ab476fc110: 0148 b920 | 6b25 59ab | 0100 0044 | 8b89 cc00 | 0000 4183 | c102 4489 | 89cc 0000 | 0041 81e1 
  0x000001ab476fc130: feff 1f00 | 4183 f900 | 0f84 be2a | 0000 418b | 4814 448b | 490c 498b 

  0x000001ab476fc148: ;   {metadata(method data for {method} {0x000001ab59008060} 'length' '()I' in 'java/lang/String')}
  0x000001ab476fc148: c848 ba20 | 6b25 59ab | 0100 0048 | 8382 1001 

  0x000001ab476fc158: ;   {metadata(method data for {method} {0x000001ab5900c5b0} 'coder' '()B' in 'java/lang/String')}
  0x000001ab476fc158: 0000 0148 | b9a8 6925 | 59ab 0100 | 008b 91cc | 0000 0083 | c202 8991 | cc00 0000 | 81e2 feff 
  0x000001ab476fc178: 1f00 83fa | 000f 849f 

  0x000001ab476fc180: ;   {metadata(method data for {method} {0x000001ab5900c5b0} 'coder' '()B' in 'java/lang/String')}
  0x000001ab476fc180: 2a00 0048 | b9a8 6925 | 59ab 0100 | 00ff 8120 | 0100 0041 | 0fbe 4810 

  0x000001ab476fc198: ;   {metadata(method data for {method} {0x000001ab5900c5b0} 'coder' '()B' in 'java/lang/String')}
  0x000001ab476fc198: 48ba a869 | 2559 ab01 | 0000 ff82 | 3001 0000 | c1e1 18c1 | f918 41d3 | f949 8bd0 

  0x000001ab476fc1b4: ;   {metadata(method data for {method} {0x000001ab590094c8} 'lastIndexOf' '(I)I' in 'java/lang/String')}
  0x000001ab476fc1b4: 48be 50e9 | 4a59 ab01 | 0000 4883 | 8648 0100 | 0001 41ff | c949 8bf0 | 41b8 2e00 | 0000 488b 
  0x000001ab476fc1d4: ;   {optimized virtual_call}
  0x000001ab476fc1d4: d666 90e8 

  0x000001ab476fc1d8: ; ImmutableOopMap {[144]=Oop [152]=Oop }
                      ;*invokevirtual lastIndexOf {reexecute=0 rethrow=0 return_oop=0}
                      ; - java.lang.String::lastIndexOf@8
                      ; - org.eclipse.osgi.internal.loader.BundleLoader::getPackageName@7 (line 141)
                      ; - org.eclipse.osgi.internal.loader.BundleLoader::findClass0@76 (line 471)
  0x000001ab476fc1d8: e47b 8807 

  0x000001ab476fc1dc: ;   {metadata(method data for {method} {0x000001ab59a12b88} 'getPackageName' '(Ljava/lang/String;)Ljava/lang/String;' in 'org/eclipse/osgi/internal/loader/BundleLoader')}
  0x000001ab476fc1dc: 83f8 0049 | b820 37e1 | 59ab 0100 | 0049 c7c1 | 7801 0000 | 0f8f 0700 | 0000 49c7 | c168 0100 
  0x000001ab476fc1fc: 004b 8b14 | 0848 8d52 | 014b 8914 | 080f 8f0f 

  0x000001ab476fc20c: ;   {oop("."{0x00000000c0002480})}
  0x000001ab476fc20c: 0000 0048 | be80 2400 | c000 0000 | 00e9 3900 | 0000 4c8b | 8424 9800 

  0x000001ab476fc224: ;   {metadata(method data for {method} {0x000001ab59a12b88} 'getPackageName' '(Ljava/lang/String;)Ljava/lang/String;' in 'org/eclipse/osgi/internal/loader/BundleLoader')}
  0x000001ab476fc224: 0000 49b9 | 2037 e159 | ab01 0000 | 4983 8188 | 0100 0001 | 41b8 0000 | 0000 4c8b | c848 8b94 
  0x000001ab476fc244: 2498 0000 | 0066 0f1f 

  0x000001ab476fc24c: ;   {optimized virtual_call}
  0x000001ab476fc24c: 4400 00e8 

  0x000001ab476fc250: ; ImmutableOopMap {[144]=Oop [152]=Oop }
                      ;*invokevirtual substring {reexecute=0 rethrow=0 return_oop=0}
                      ; - org.eclipse.osgi.internal.loader.BundleLoader::getPackageName@18 (line 143)
                      ; - org.eclipse.osgi.internal.loader.BundleLoader::findClass0@76 (line 471)
  0x000001ab476fc250: ec8f 8007 | 488b f044 | 8b8c 24a0 | 0000 0041 

  0x000001ab476fc260: ;   {metadata(method data for {method} {0x000001ab59a146d8} 'findClass0' '(Ljava/lang/String;ZZ)Ljava/lang/Class;' in 'org/eclipse/osgi/internal/loader/BundleLoader')}
  0x000001ab476fc260: 83f9 0049 | b800 80d5 | 59ab 0100 | 0048 c7c2 | 5803 0000 | 0f85 0700 | 0000 48c7 | c248 0300 
  0x000001ab476fc280: 0049 8b3c | 1048 8d7f | 0149 893c | 100f 8512 | 0000 00bf | 0000 0000 | 4889 b424 | b000 0000 
  0x000001ab476fc2a0: e97d 0200 | 0048 8b94 | 2490 0000 | 0044 8b42 | 4849 83f8 

  0x000001ab476fc2b4: ;   {metadata(method data for {method} {0x000001ab59a146d8} 'findClass0' '(Ljava/lang/String;ZZ)Ljava/lang/Class;' in 'org/eclipse/osgi/internal/loader/BundleLoader')}
  0x000001ab476fc2b4: 0049 b800 | 80d5 59ab | 0100 0048 | c7c7 7803 | 0000 0f85 | 0700 0000 | 48c7 c768 | 0300 0049 
  0x000001ab476fc2d4: 8b1c 3848 | 8d5b 0149 | 891c 380f | 8512 0000 | 00bf 0000 | 0000 4889 | b424 b000 | 0000 e92b 
  0x000001ab476fc2f4: 0200 008b | 7a14 483b | 074c 8bc7 

  0x000001ab476fc300: ;   {metadata(method data for {method} {0x000001ab59a146d8} 'findClass0' '(Ljava/lang/String;ZZ)Ljava/lang/Class;' in 'org/eclipse/osgi/internal/loader/BundleLoader')}
  0x000001ab476fc300: 48bb 0080 | d559 ab01 | 0000 4883 | 83a0 0300 | 0001 4c8b | c648 8bd7 | 4889 b424 | b000 0000 
  0x000001ab476fc320: 0f1f 8000 

  0x000001ab476fc324: ;   {optimized virtual_call}
  0x000001ab476fc324: 0000 00e8 

  0x000001ab476fc328: ; ImmutableOopMap {[152]=Oop [176]=Oop [144]=Oop }
                      ;*invokevirtual isBootDelegationPackage {reexecute=0 rethrow=0 return_oop=0}
                      ; - org.eclipse.osgi.internal.loader.BundleLoader::findClass0@101 (line 474)
  0x000001ab476fc328: 5930 0000 

  0x000001ab476fc32c: ;   {metadata(method data for {method} {0x000001ab59a146d8} 'findClass0' '(Ljava/lang/String;ZZ)Ljava/lang/Class;' in 'org/eclipse/osgi/internal/loader/BundleLoader')}
  0x000001ab476fc32c: 83f8 0049 | b800 80d5 | 59ab 0100 | 0049 c7c1 | d003 0000 | 0f85 0700 | 0000 49c7 | c1c0 0300 
  0x000001ab476fc34c: 004b 8b14 | 0848 8d52 | 014b 8914 | 080f 850a | 0000 00bf | 0000 0000 | e9b9 0100 | 0048 8b94 
  0x000001ab476fc36c: 2490 0000 | 008b 7248 

  0x000001ab476fc374: ; implicit exception: dispatches to 0x000001ab476fec48
  0x000001ab476fc374: 483b 064c 

  0x000001ab476fc378: ;   {metadata(method data for {method} {0x000001ab59a146d8} 'findClass0' '(Ljava/lang/String;ZZ)Ljava/lang/Class;' in 'org/eclipse/osgi/internal/loader/BundleLoader')}
  0x000001ab476fc378: 8bc6 49b9 | 0080 d559 | ab01 0000 | 458b 4008 | 49c1 e003 | 4d3b 81f0 | 0300 0075 | 0d49 8381 
  0x000001ab476fc398: f803 0000 | 01e9 6600 | 0000 4d3b | 8100 0400 | 0075 0d49 | 8381 0804 | 0000 01e9 | 5000 0000 
  0x000001ab476fc3b8: 4981 b9f0 | 0300 0000 | 0000 0075 | 174d 8981 | f003 0000 | 49c7 81f8 | 0300 0001 | 0000 00e9 
  0x000001ab476fc3d8: 2c00 0000 | 4981 b900 | 0400 0000 | 0000 0075 | 174d 8981 | 0004 0000 | 49c7 8108 | 0400 0001 
  0x000001ab476fc3f8: 0000 00e9 | 0800 0000 | 4983 81e0 | 0300 0001 

  0x000001ab476fc408: ;   {metadata(method data for {method} {0x000001ab5901d378} 'loadClass' '(Ljava/lang/String;)Ljava/lang/Class;' in 'java/lang/ClassLoader')}
  0x000001ab476fc408: 49b8 7899 | 9659 ab01 | 0000 458b | 88cc 0000 | 0041 83c1 | 0245 8988 | cc00 0000 | 4181 e1fe 
  0x000001ab476fc428: ff1f 0041 | 83f9 000f | 8418 2800 | 004c 8bc6 

  0x000001ab476fc438: ;   {metadata(method data for {method} {0x000001ab5901d378} 'loadClass' '(Ljava/lang/String;)Ljava/lang/Class;' in 'java/lang/ClassLoader')}
  0x000001ab476fc438: 49b9 7899 | 9659 ab01 | 0000 458b | 4008 49c1 | e003 4d3b | 8120 0100 | 0075 0d49 | 8381 2801 
  0x000001ab476fc458: 0000 01e9 | 6600 0000 | 4d3b 8130 | 0100 0075 | 0d49 8381 | 3801 0000 | 01e9 5000 | 0000 4981 
  0x000001ab476fc478: b920 0100 | 0000 0000 | 0075 174d | 8981 2001 | 0000 49c7 | 8128 0100 | 0001 0000 | 00e9 2c00 
  0x000001ab476fc498: 0000 4981 | b930 0100 | 0000 0000 | 0075 174d | 8981 3001 | 0000 49c7 | 8138 0100 | 0001 0000 
  0x000001ab476fc4b8: 00e9 0800 | 0000 4983 | 8110 0100 | 0001 4c8b | 8424 9800 | 0000 41b9 | 0000 0000 | 488b d666 
  0x000001ab476fc4d8: 0f1f 4400 | 0048 b8ff | ffff ffff 

  0x000001ab476fc4e4: ;   {virtual_call}
  0x000001ab476fc4e4: ffff ffe8 

  0x000001ab476fc4e8: ; ImmutableOopMap {[152]=Oop [176]=Oop [144]=Oop }
                      ;*invokevirtual loadClass {reexecute=0 rethrow=0 return_oop=0}
                      ; - java.lang.ClassLoader::loadClass@3
                      ; - org.eclipse.osgi.internal.loader.BundleLoader::findClass0@112 (line 478)
  0x000001ab476fc4e8: 944e 2807 | 4881 c420 | 0100 005d 

  0x000001ab476fc4f4: ;   {poll_return}
  0x000001ab476fc4f4: 493b a750 | 0300 000f | 876d 2700 | 00c3 498b | 87e0 0300 | 004d 33d2 | 4d89 97e0 | 0300 004d 
  0x000001ab476fc514: 33d2 4d89 | 97e8 0300 | 00bf 0100 | 0000 89bc | 24b8 0000 | 0048 8b94 | 2490 0000 

  0x000001ab476fc530: ;   {metadata(method data for {method} {0x000001ab59a146d8} 'findClass0' '(Ljava/lang/String;ZZ)Ljava/lang/Class;' in 'org/eclipse/osgi/internal/loader/BundleLoader')}
  0x000001ab476fc530: 0049 b800 | 80d5 59ab | 0100 0049 | 8380 1804 | 0000 014c | 8b84 2498 | 0000 0041 | b901 0000 
  0x000001ab476fc550: 0048 8b94 | 2490 0000 | 0066 0f1f 

  0x000001ab476fc55c: ;   {optimized virtual_call}
  0x000001ab476fc55c: 4400 00e8 

  0x000001ab476fc560: ; ImmutableOopMap {[152]=Oop [176]=Oop [144]=Oop }
                      ;*invokespecial searchHooks {reexecute=0 rethrow=0 return_oop=0}
                      ; - org.eclipse.osgi.internal.loader.BundleLoader::findClass0@127 (line 486)
  0x000001ab476fc560: 412e 0000 | 4883 f800 

  0x000001ab476fc568: ;   {metadata(method data for {method} {0x000001ab59a146d8} 'findClass0' '(Ljava/lang/String;ZZ)Ljava/lang/Class;' in 'org/eclipse/osgi/internal/loader/BundleLoader')}
  0x000001ab476fc568: 7516 48ba | 0080 d559 | ab01 0000 | 808a 2104 | 0000 01e9 | c100 0000 

  0x000001ab476fc580: ;   {metadata('java/lang/Class')}
  0x000001ab476fc580: 48be c827 | 0400 0100 | 0000 448b | 4008 49c1 | e003 493b | f00f 858a 

  0x000001ab476fc598: ;   {metadata(method data for {method} {0x000001ab59a146d8} 'findClass0' '(Ljava/lang/String;ZZ)Ljava/lang/Class;' in 'org/eclipse/osgi/internal/loader/BundleLoader')}
  0x000001ab476fc598: 0000 0048 | ba00 80d5 | 59ab 0100 | 008b 7008 | 48c1 e603 | 483b b238 | 0400 0075 | 0d48 8382 
  0x000001ab476fc5b8: 4004 0000 | 01e9 7f00 | 0000 483b | b248 0400 | 0075 0d48 | 8382 5004 | 0000 01e9 | 6900 0000 
  0x000001ab476fc5d8: 4881 ba38 | 0400 0000 | 0000 0075 | 1748 89b2 | 3804 0000 | 48c7 8240 | 0400 0001 | 0000 00e9 
  0x000001ab476fc5f8: 4500 0000 | 4881 ba48 | 0400 0000 | 0000 0075 | 1748 89b2 | 4804 0000 | 48c7 8250 | 0400 0001 
  0x000001ab476fc618: 0000 00e9 | 2100 0000 | e91c 0000 

  0x000001ab476fc624: ;   {metadata(method data for {method} {0x000001ab59a146d8} 'findClass0' '(Ljava/lang/String;ZZ)Ljava/lang/Class;' in 'org/eclipse/osgi/internal/loader/BundleLoader')}
  0x000001ab476fc624: 0048 ba00 | 80d5 59ab | 0100 0048 | 83aa 2804 | 0000 01e9 | 4826 0000 | e900 0000 

  0x000001ab476fc640: ;   {metadata(method data for {method} {0x000001ab59a146d8} 'findClass0' '(Ljava/lang/String;ZZ)Ljava/lang/Class;' in 'org/eclipse/osgi/internal/loader/BundleLoader')}
  0x000001ab476fc640: 0049 b800 | 80d5 59ab | 0100 0041 | ff80 6004 | 0000 e925 | 0000 0049 | 8b87 e003 | 0000 4d33 
  0x000001ab476fc660: d24d 8997 | e003 0000 | 4d33 d24d | 8997 e803 

  0x000001ab476fc670: ;   {oop(NULL)}
  0x000001ab476fc670: 0000 48b8 | 0000 0000 | 0000 0000 | 4883 f800 

  0x000001ab476fc680: ;   {metadata(method data for {method} {0x000001ab59a146d8} 'findClass0' '(Ljava/lang/String;ZZ)Ljava/lang/Class;' in 'org/eclipse/osgi/internal/loader/BundleLoader')}
  0x000001ab476fc680: 49b8 0080 | d559 ab01 | 0000 48c7 | c288 0400 | 000f 8507 | 0000 0048 | c7c2 7804 | 0000 498b 
  0x000001ab476fc6a0: 3410 488d | 7601 4989 | 3410 0f85 | 9220 0000 | 4889 8424 | c000 0000 | 488b 9424 | 9000 0000 
  0x000001ab476fc6c0: ;   {metadata(method data for {method} {0x000001ab59a146d8} 'findClass0' '(Ljava/lang/String;ZZ)Ljava/lang/Class;' in 'org/eclipse/osgi/internal/loader/BundleLoader')}
  0x000001ab476fc6c0: 49b8 0080 | d559 ab01 | 0000 4983 | 8098 0400 

  0x000001ab476fc6d0: ;   {metadata(method data for {method} {0x000001ab59a17350} 'findImportedSource' '(Ljava/lang/String;Ljava/util/Collection;)Lorg/eclipse/osgi/internal/loader/sources/PackageSource;' in 'org/eclipse/osgi/internal/loader/BundleLoader')}
  0x000001ab476fc6d0: 0001 49b8 | b82e e159 | ab01 0000 | 418b 90cc | 0000 0083 | c202 4189 | 90cc 0000 | 0081 e2fe 
  0x000001ab476fc6f0: ff1f 0083 | fa00 0f84 | 9125 0000 | 488b 9424 | 9000 0000 

  0x000001ab476fc704: ;   {metadata(method data for {method} {0x000001ab59a17350} 'findImportedSource' '(Ljava/lang/String;Ljava/util/Collection;)Lorg/eclipse/osgi/internal/loader/sources/PackageSource;' in 'org/eclipse/osgi/internal/loader/BundleLoader')}
  0x000001ab476fc704: 49b8 b82e | e159 ab01 | 0000 4983 | 8010 0100 

  0x000001ab476fc714: ;   {oop(NULL)}
  0x000001ab476fc714: 0001 49b8 | 0000 0000 | 0000 0000 | 488b 9424 | 9000 0000 | 0f1f 8000 

  0x000001ab476fc72c: ;   {optimized virtual_call}
  0x000001ab476fc72c: 0000 00e8 

  0x000001ab476fc730: ; ImmutableOopMap {[152]=Oop [176]=Oop [144]=Oop [192]=Oop }
                      ;*invokespecial getImportedSources {reexecute=0 rethrow=0 return_oop=0}
                      ; - org.eclipse.osgi.internal.loader.BundleLoader::findImportedSource@2 (line 1238)
                      ; - org.eclipse.osgi.internal.loader.BundleLoader::findClass0@152 (line 493)
  0x000001ab476fc730: 812c 0000 | 4c8d 8424 | 0801 0000 | 488b f049 | 8970 0848 | 8b06 4883 | c801 4989 | 00f0 4c0f 
  0x000001ab476fc750: b106 0f84 | 1300 0000 | 482b c448 | 81e0 07f0 | ffff 4989 | 000f 8548 | 2500 0048 

  0x000001ab476fc76c: ;   {metadata(method data for {method} {0x000001ab59a17350} 'findImportedSource' '(Ljava/lang/String;Ljava/util/Collection;)Lorg/eclipse/osgi/internal/loader/sources/PackageSource;' in 'org/eclipse/osgi/internal/loader/BundleLoader')}
  0x000001ab476fc76c: 8bc6 49b8 | b82e e159 | ab01 0000 | 8b40 0848 | c1e0 0349 | 3b80 3001 | 0000 750d | 4983 8038 
  0x000001ab476fc78c: 0100 0001 | e966 0000 | 0049 3b80 | 4001 0000 | 750d 4983 | 8048 0100 | 0001 e950 | 0000 0049 
  0x000001ab476fc7ac: 81b8 3001 | 0000 0000 | 0000 7517 | 4989 8030 | 0100 0049 | c780 3801 | 0000 0100 | 0000 e92c 
  0x000001ab476fc7cc: 0000 0049 | 81b8 4001 | 0000 0000 | 0000 7517 | 4989 8040 | 0100 0049 | c780 4801 | 0000 0100 
  0x000001ab476fc7ec: 0000 e908 | 0000 0049 | 8380 2001 | 0000 014c | 8b84 24b0 | 0000 0048 | 8bd6 4889 | b424 c800 
  0x000001ab476fc80c: 0000 0f1f | 8000 0000 | 0048 b858 | f305 0001 

  0x000001ab476fc81c: ;   {virtual_call}
  0x000001ab476fc81c: 0000 00e8 

  0x000001ab476fc820: ; ImmutableOopMap {[152]=Oop [176]=Oop [144]=Oop [192]=Oop [200]=Oop [272]=Oop }
                      ;*invokeinterface get {reexecute=0 rethrow=0 return_oop=0}
                      ; - org.eclipse.osgi.internal.loader.BundleLoader::findImportedSource@13 (line 1240)
                      ; - org.eclipse.osgi.internal.loader.BundleLoader::findClass0@152 (line 493)
  0x000001ab476fc820: 9c40 8507 | 4883 f800 

  0x000001ab476fc828: ;   {metadata(method data for {method} {0x000001ab59a17350} 'findImportedSource' '(Ljava/lang/String;Ljava/util/Collection;)Lorg/eclipse/osgi/internal/loader/sources/PackageSource;' in 'org/eclipse/osgi/internal/loader/BundleLoader')}
  0x000001ab476fc828: 7516 48ba | b82e e159 | ab01 0000 | 808a 5101 | 0000 01e9 | c100 0000 

  0x000001ab476fc840: ;   {metadata('org/eclipse/osgi/internal/loader/sources/PackageSource')}
  0x000001ab476fc840: 48be a0f0 | 1200 0100 | 0000 8b50 | 0848 c1e2 | 0348 3b72 | 380f 858a 

  0x000001ab476fc858: ;   {metadata(method data for {method} {0x000001ab59a17350} 'findImportedSource' '(Ljava/lang/String;Ljava/util/Collection;)Lorg/eclipse/osgi/internal/loader/sources/PackageSource;' in 'org/eclipse/osgi/internal/loader/BundleLoader')}
  0x000001ab476fc858: 0000 0048 | bab8 2ee1 | 59ab 0100 | 008b 7008 | 48c1 e603 | 483b b268 | 0100 0075 | 0d48 8382 
  0x000001ab476fc878: 7001 0000 | 01e9 7f00 | 0000 483b | b278 0100 | 0075 0d48 | 8382 8001 | 0000 01e9 | 6900 0000 
  0x000001ab476fc898: 4881 ba68 | 0100 0000 | 0000 0075 | 1748 89b2 | 6801 0000 | 48c7 8270 | 0100 0001 | 0000 00e9 
  0x000001ab476fc8b8: 4500 0000 | 4881 ba78 | 0100 0000 | 0000 0075 | 1748 89b2 | 7801 0000 | 48c7 8280 | 0100 0001 
  0x000001ab476fc8d8: 0000 00e9 | 2100 0000 | e91c 0000 

  0x000001ab476fc8e4: ;   {metadata(method data for {method} {0x000001ab59a17350} 'findImportedSource' '(Ljava/lang/String;Ljava/util/Collection;)Lorg/eclipse/osgi/internal/loader/sources/PackageSource;' in 'org/eclipse/osgi/internal/loader/BundleLoader')}
  0x000001ab476fc8e4: 0048 bab8 | 2ee1 59ab | 0100 0048 | 83aa 5801 | 0000 01e9 | ca23 0000 | e900 0000 | 0048 8bd8 
  0x000001ab476fc904: 4889 9c24 | d800 0000 | 488d 8424 | 0801 0000 | 488b 1048 | 85d2 0f84 | 0f00 0000 | 488b 7008 
  0x000001ab476fc924: f048 0fb1 | 160f 85a0 | 2300 0048 

  0x000001ab476fc930: ;   {metadata(method data for {method} {0x000001ab59a146d8} 'findClass0' '(Ljava/lang/String;ZZ)Ljava/lang/Class;' in 'org/eclipse/osgi/internal/loader/BundleLoader')}
  0x000001ab476fc930: 83fb 0048 | ba00 80d5 | 59ab 0100 | 0048 c7c6 | a804 0000 | 0f84 0700 | 0000 48c7 | c6b8 0400 
  0x000001ab476fc950: 0048 8b3c | 3248 8d7f | 0148 893c | 3248 8b94 | 2490 0000 | 000f 84e4 | 0b00 008b | 7218 0fbe 
  0x000001ab476fc970: 760e 83fe 

  0x000001ab476fc974: ;   {metadata(method data for {method} {0x000001ab59a146d8} 'findClass0' '(Ljava/lang/String;ZZ)Ljava/lang/Class;' in 'org/eclipse/osgi/internal/loader/BundleLoader')}
  0x000001ab476fc974: 0048 be00 | 80d5 59ab | 0100 0048 | c7c7 c804 | 0000 0f84 | 0700 0000 | 48c7 c7d8 | 0400 0048 
  0x000001ab476fc994: 8b04 3e48 | 8d40 0148 | 8904 3e0f | 84e7 0600 | 0066 6690 

  0x000001ab476fc9a8: ;   {no_reloc}
  0x000001ab476fc9a8: e94c 2300 | 0000 0000 | 0000 498b | 8708 0100 | 0048 8d78 | 1849 3bbf | 1801 0000 | 0f87 3923 
  0x000001ab476fc9c8: 0000 4989 | bf08 0100 | 0048 c700 | 0100 0000 | 488b ca48 | c1e9 0389 | 4808 4833 | c989 480c 
  0x000001ab476fc9e8: 4833 c948 | 8948 104c 

  0x000001ab476fc9f0: ;   {metadata(method data for {method} {0x000001ab59a146d8} 'findClass0' '(Ljava/lang/String;ZZ)Ljava/lang/Class;' in 'org/eclipse/osgi/internal/loader/BundleLoader')}
  0x000001ab476fc9f0: 8bc0 48ba | 0080 d559 | ab01 0000 | 4883 82e8 | 0400 0001 

  0x000001ab476fca04: ;   {metadata(method data for {method} {0x000001ab5909a268} '<init>' '(Ljava/lang/String;)V' in 'java/lang/StringBuilder')}
  0x000001ab476fca04: 49b8 70f3 | 7f59 ab01 | 0000 418b | 90cc 0000 | 0083 c202 | 4189 90cc | 0000 0081 | e2fe ff1f 
  0x000001ab476fca24: 0083 fa00 | 0f84 e222 | 0000 4c8b 

  0x000001ab476fca30: ;   {metadata(method data for {method} {0x000001ab5909a268} '<init>' '(Ljava/lang/String;)V' in 'java/lang/StringBuilder')}
  0x000001ab476fca30: c048 ba70 | f37f 59ab | 0100 0048 | 8382 1001 

  0x000001ab476fca40: ;   {oop("BundleLoader["{0x00000000c0000b08})}
  0x000001ab476fca40: 0000 0149 | b808 0b00 | c000 0000 | 0048 8bd0 | 4889 8424 | d000 0000 | 0f1f 8000 

  0x000001ab476fca5c: ;   {optimized virtual_call}
  0x000001ab476fca5c: 0000 00e8 

  0x000001ab476fca60: ; ImmutableOopMap {[152]=Oop [144]=Oop [208]=Oop [216]=Oop }
                      ;*invokespecial <init> {reexecute=0 rethrow=0 return_oop=0}
                      ; - java.lang.StringBuilder::<init>@2
                      ; - org.eclipse.osgi.internal.loader.BundleLoader::findClass0@179 (line 496)
  0x000001ab476fca60: 1c46 2807 | 488b 8424 | d000 0000 

  0x000001ab476fca6c: ;   {metadata(method data for {method} {0x000001ab59a146d8} 'findClass0' '(Ljava/lang/String;ZZ)Ljava/lang/Class;' in 'org/eclipse/osgi/internal/loader/BundleLoader')}
  0x000001ab476fca6c: 48ba 0080 | d559 ab01 | 0000 4883 | 82f8 0400 

  0x000001ab476fca7c: ;   {metadata(method data for {method} {0x000001ab5909a430} 'append' '(Ljava/lang/Object;)Ljava/lang/StringBuilder;' in 'java/lang/StringBuilder')}
  0x000001ab476fca7c: 0001 48ba | 0841 9d59 | ab01 0000 | 8bb2 cc00 | 0000 83c6 | 0289 b2cc | 0000 0081 | e6fe ff1f 
  0x000001ab476fca9c: 0083 fe00 | 0f84 8b22 

  0x000001ab476fcaa4: ;   {metadata(method data for {method} {0x000001ab5909a430} 'append' '(Ljava/lang/Object;)Ljava/lang/StringBuilder;' in 'java/lang/StringBuilder')}
  0x000001ab476fcaa4: 0000 48ba | 0841 9d59 | ab01 0000 | 4883 8210 | 0100 0001 

  0x000001ab476fcab8: ;   {metadata(method data for {method} {0x000001ab5900b988} 'valueOf' '(Ljava/lang/Object;)Ljava/lang/String;' in 'java/lang/String')}
  0x000001ab476fcab8: 48ba 108f | 7d59 ab01 | 0000 8bb2 | cc00 0000 | 83c6 0289 | b2cc 0000 | 0081 e6fe | ff1f 0083 
  0x000001ab476fcad8: fe00 0f84 | 7222 0000 

  0x000001ab476fcae0: ;   {metadata(method data for {method} {0x000001ab5900b988} 'valueOf' '(Ljava/lang/Object;)Ljava/lang/String;' in 'java/lang/String')}
  0x000001ab476fcae0: 48ba 108f | 7d59 ab01 | 0000 ff82 | 1001 0000 | 488b 9424 | 9000 0000 

  0x000001ab476fcaf8: ;   {metadata(method data for {method} {0x000001ab5900b988} 'valueOf' '(Ljava/lang/Object;)Ljava/lang/String;' in 'java/lang/String')}
  0x000001ab476fcaf8: 48be 108f | 7d59 ab01 | 0000 8b52 | 0848 c1e2 | 0348 3b96 | 5801 0000 | 750d 4883 | 8660 0100 
  0x000001ab476fcb18: 0001 e966 | 0000 0048 | 3b96 6801 | 0000 750d | 4883 8670 | 0100 0001 | e950 0000 | 0048 81be 
  0x000001ab476fcb38: 5801 0000 | 0000 0000 | 7517 4889 | 9658 0100 | 0048 c786 | 6001 0000 | 0100 0000 | e92c 0000 
  0x000001ab476fcb58: 0048 81be | 6801 0000 | 0000 0000 | 7517 4889 | 9668 0100 | 0048 c786 | 7001 0000 | 0100 0000 
  0x000001ab476fcb78: e908 0000 | 0048 8386 | 4801 0000 | 0148 8b94 | 2490 0000 

  0x000001ab476fcb8c: ;   {optimized virtual_call}
  0x000001ab476fcb8c: 0066 90e8 

  0x000001ab476fcb90: ; ImmutableOopMap {[152]=Oop [144]=Oop [208]=Oop [216]=Oop }
                      ;*invokevirtual toString {reexecute=0 rethrow=0 return_oop=0}
                      ; - java.lang.String::valueOf@11
                      ; - java.lang.StringBuilder::append@2
                      ; - org.eclipse.osgi.internal.loader.BundleLoader::findClass0@183 (line 496)
  0x000001ab476fcb90: ec44 2807 | 4c8b 8424 | d000 0000 

  0x000001ab476fcb9c: ;   {metadata(method data for {method} {0x000001ab5909a430} 'append' '(Ljava/lang/Object;)Ljava/lang/StringBuilder;' in 'java/lang/StringBuilder')}
  0x000001ab476fcb9c: 48ba 0841 | 9d59 ab01 | 0000 4883 | 8220 0100 

  0x000001ab476fcbac: ;   {metadata(method data for {method} {0x000001ab5909a4c8} 'append' '(Ljava/lang/String;)Ljava/lang/StringBuilder;' in 'java/lang/StringBuilder')}
  0x000001ab476fcbac: 0001 49b8 | a805 3e59 | ab01 0000 | 418b 90cc | 0000 0083 | c202 4189 | 90cc 0000 | 0081 e2fe 
  0x000001ab476fcbcc: ff1f 0083 | fa00 0f84 | 9b21 0000 | 4c8b 8424 | d000 0000 

  0x000001ab476fcbe0: ;   {metadata(method data for {method} {0x000001ab5909a4c8} 'append' '(Ljava/lang/String;)Ljava/lang/StringBuilder;' in 'java/lang/StringBuilder')}
  0x000001ab476fcbe0: 48ba a805 | 3e59 ab01 | 0000 4883 | 8210 0100 | 0001 4c8b | c048 8b94 | 24d0 0000 

  0x000001ab476fcbfc: ;   {optimized virtual_call}
  0x000001ab476fcbfc: 0066 90e8 

  0x000001ab476fcc00: ; ImmutableOopMap {[152]=Oop [144]=Oop [208]=Oop [216]=Oop }
                      ;*invokespecial append {reexecute=0 rethrow=0 return_oop=0}
                      ; - java.lang.StringBuilder::append@2
                      ; - java.lang.StringBuilder::append@5
                      ; - org.eclipse.osgi.internal.loader.BundleLoader::findClass0@183 (line 496)
  0x000001ab476fcc00: 7c44 2807 | 488b 8424 | d000 0000 

  0x000001ab476fcc0c: ;   {metadata(method data for {method} {0x000001ab59a146d8} 'findClass0' '(Ljava/lang/String;ZZ)Ljava/lang/Class;' in 'org/eclipse/osgi/internal/loader/BundleLoader')}
  0x000001ab476fcc0c: 49b8 0080 | d559 ab01 | 0000 4983 | 8030 0500 

  0x000001ab476fcc1c: ;   {metadata(method data for {method} {0x000001ab5909a4c8} 'append' '(Ljava/lang/String;)Ljava/lang/StringBuilder;' in 'java/lang/StringBuilder')}
  0x000001ab476fcc1c: 0001 49b8 | a805 3e59 | ab01 0000 | 418b 90cc | 0000 0083 | c202 4189 | 90cc 0000 | 0081 e2fe 
  0x000001ab476fcc3c: ff1f 0083 | fa00 0f84 | 4c21 0000 | 488b 8424 | d000 0000 

  0x000001ab476fcc50: ;   {metadata(method data for {method} {0x000001ab5909a4c8} 'append' '(Ljava/lang/String;)Ljava/lang/StringBuilder;' in 'java/lang/StringBuilder')}
  0x000001ab476fcc50: 49b8 a805 | 3e59 ab01 | 0000 4983 | 8010 0100 

  0x000001ab476fcc60: ;   {oop("] loading from import package: "{0x00000000eab2adf8})}
  0x000001ab476fcc60: 0001 49b8 | f8ad b2ea | 0000 0000 | 488b 9424 | d000 0000 

  0x000001ab476fcc74: ;   {optimized virtual_call}
  0x000001ab476fcc74: 6666 90e8 

  0x000001ab476fcc78: ; ImmutableOopMap {[152]=Oop [144]=Oop [208]=Oop [216]=Oop }
                      ;*invokespecial append {reexecute=0 rethrow=0 return_oop=0}
                      ; - java.lang.StringBuilder::append@2
                      ; - org.eclipse.osgi.internal.loader.BundleLoader::findClass0@189 (line 496)
  0x000001ab476fcc78: 0444 2807 | 488b 8424 | d000 0000 

  0x000001ab476fcc84: ;   {metadata(method data for {method} {0x000001ab59a146d8} 'findClass0' '(Ljava/lang/String;ZZ)Ljava/lang/Class;' in 'org/eclipse/osgi/internal/loader/BundleLoader')}
  0x000001ab476fcc84: 48ba 0080 | d559 ab01 | 0000 4883 | 8268 0500 

  0x000001ab476fcc94: ;   {metadata(method data for {method} {0x000001ab5909a430} 'append' '(Ljava/lang/Object;)Ljava/lang/StringBuilder;' in 'java/lang/StringBuilder')}
  0x000001ab476fcc94: 0001 48ba | 0841 9d59 | ab01 0000 | 8bb2 cc00 | 0000 83c6 | 0289 b2cc | 0000 0081 | e6fe ff1f 
  0x000001ab476fccb4: 0083 fe00 | 0f84 f720 

  0x000001ab476fccbc: ;   {metadata(method data for {method} {0x000001ab5909a430} 'append' '(Ljava/lang/Object;)Ljava/lang/StringBuilder;' in 'java/lang/StringBuilder')}
  0x000001ab476fccbc: 0000 48ba | 0841 9d59 | ab01 0000 | 4883 8210 | 0100 0001 

  0x000001ab476fccd0: ;   {metadata(method data for {method} {0x000001ab5900b988} 'valueOf' '(Ljava/lang/Object;)Ljava/lang/String;' in 'java/lang/String')}
  0x000001ab476fccd0: 48ba 108f | 7d59 ab01 | 0000 8bb2 | cc00 0000 | 83c6 0289 | b2cc 0000 | 0081 e6fe | ff1f 0083 
  0x000001ab476fccf0: fe00 0f84 | de20 0000 | 488b 9c24 | d800 0000 | 4883 fb00 

  0x000001ab476fcd04: ;   {metadata(method data for {method} {0x000001ab5900b988} 'valueOf' '(Ljava/lang/Object;)Ljava/lang/String;' in 'java/lang/String')}
  0x000001ab476fcd04: 48ba 108f | 7d59 ab01 | 0000 48c7 | c610 0100 | 000f 8507 | 0000 0048 | c7c6 2001 | 0000 488b 
  0x000001ab476fcd24: 3c32 488d | 7f01 4889 | 3c32 0f85 | 1f00 0000 

  0x000001ab476fcd34: ;   {metadata(method data for {method} {0x000001ab5900b988} 'valueOf' '(Ljava/lang/Object;)Ljava/lang/String;' in 'java/lang/String')}
  0x000001ab476fcd34: 48ba 108f | 7d59 ab01 | 0000 ff82 | 3001 0000 

  0x000001ab476fcd44: ;   {oop("null"{0x00000000c0000080})}
  0x000001ab476fcd44: 48be 8000 | 00c0 0000 | 0000 e9a4 | 0000 0048 | 3b03 488b 

  0x000001ab476fcd58: ;   {metadata(method data for {method} {0x000001ab5900b988} 'valueOf' '(Ljava/lang/Object;)Ljava/lang/String;' in 'java/lang/String')}
  0x000001ab476fcd58: d348 be10 | 8f7d 59ab | 0100 008b | 5208 48c1 | e203 483b | 9658 0100 | 0075 0d48 | 8386 6001 
  0x000001ab476fcd78: 0000 01e9 | 6600 0000 | 483b 9668 | 0100 0075 | 0d48 8386 | 7001 0000 | 01e9 5000 | 0000 4881 
  0x000001ab476fcd98: be58 0100 | 0000 0000 | 0075 1748 | 8996 5801 | 0000 48c7 | 8660 0100 | 0001 0000 | 00e9 2c00 
  0x000001ab476fcdb8: 0000 4881 | be68 0100 | 0000 0000 | 0075 1748 | 8996 6801 | 0000 48c7 | 8670 0100 | 0001 0000 
  0x000001ab476fcdd8: 00e9 0800 | 0000 4883 | 8648 0100 | 0001 488b | d366 0f1f 

  0x000001ab476fcdec: ;   {optimized virtual_call}
  0x000001ab476fcdec: 4400 00e8 

  0x000001ab476fcdf0: ; ImmutableOopMap {[152]=Oop [144]=Oop [208]=Oop [216]=Oop }
                      ;*invokevirtual toString {reexecute=0 rethrow=0 return_oop=0}
                      ; - java.lang.String::valueOf@11
                      ; - java.lang.StringBuilder::append@2
                      ; - org.eclipse.osgi.internal.loader.BundleLoader::findClass0@194 (line 496)
  0x000001ab476fcdf0: 8c42 2807 | 488b f048 | 8b84 24d0 

  0x000001ab476fcdfc: ;   {metadata(method data for {method} {0x000001ab5909a430} 'append' '(Ljava/lang/Object;)Ljava/lang/StringBuilder;' in 'java/lang/StringBuilder')}
  0x000001ab476fcdfc: 0000 0049 | b808 419d | 59ab 0100 | 0049 8380 | 2001 0000 

  0x000001ab476fce10: ;   {metadata(method data for {method} {0x000001ab5909a4c8} 'append' '(Ljava/lang/String;)Ljava/lang/StringBuilder;' in 'java/lang/StringBuilder')}
  0x000001ab476fce10: 0149 b8a8 | 053e 59ab | 0100 0041 | 8b90 cc00 | 0000 83c2 | 0241 8990 | cc00 0000 | 81e2 feff 
  0x000001ab476fce30: 1f00 83fa | 000f 84c1 | 1f00 0048 | 8b84 24d0 

  0x000001ab476fce40: ;   {metadata(method data for {method} {0x000001ab5909a4c8} 'append' '(Ljava/lang/String;)Ljava/lang/StringBuilder;' in 'java/lang/StringBuilder')}
  0x000001ab476fce40: 0000 0049 | b8a8 053e | 59ab 0100 | 0049 8380 | 1001 0000 | 014c 8bc6 | 488b 9424 | d000 0000 
  0x000001ab476fce60: 0f1f 8000 

  0x000001ab476fce64: ;   {optimized virtual_call}
  0x000001ab476fce64: 0000 00e8 

  0x000001ab476fce68: ; ImmutableOopMap {[152]=Oop [144]=Oop [208]=Oop [216]=Oop }
                      ;*invokespecial append {reexecute=0 rethrow=0 return_oop=0}
                      ; - java.lang.StringBuilder::append@2
                      ; - java.lang.StringBuilder::append@5
                      ; - org.eclipse.osgi.internal.loader.BundleLoader::findClass0@194 (line 496)
  0x000001ab476fce68: 1442 2807 | 488b 8424 | d000 0000 

  0x000001ab476fce74: ;   {metadata(method data for {method} {0x000001ab59a146d8} 'findClass0' '(Ljava/lang/String;ZZ)Ljava/lang/Class;' in 'org/eclipse/osgi/internal/loader/BundleLoader')}
  0x000001ab476fce74: 48ba 0080 | d559 ab01 | 0000 4883 | 82a0 0500 

  0x000001ab476fce84: ;   {metadata(method data for {method} {0x000001ab5909b840} 'toString' '()Ljava/lang/String;' in 'java/lang/StringBuilder')}
  0x000001ab476fce84: 0001 48ba | 5009 3e59 | ab01 0000 | 448b 82cc | 0000 0041 | 83c0 0244 | 8982 cc00 | 0000 4181 
  0x000001ab476fcea4: e0fe ff1f | 0041 83f8 | 000f 846a | 1f00 0048 | 8b84 24d0 

  0x000001ab476fceb8: ;   {metadata(method data for {method} {0x000001ab5909b840} 'toString' '()Ljava/lang/String;' in 'java/lang/StringBuilder')}
  0x000001ab476fceb8: 0000 0048 | ba50 093e | 59ab 0100 | 0048 8382 | 1001 0000 

  0x000001ab476fcecc: ;   {metadata(method data for {method} {0x000001ab590982c8} 'isLatin1' '()Z' in 'java/lang/AbstractStringBuilder')}
  0x000001ab476fcecc: 0148 bad0 | b63b 59ab | 0100 0044 | 8b82 cc00 | 0000 4183 | c002 4489 | 82cc 0000 | 0041 81e0 
  0x000001ab476fceec: feff 1f00 | 4183 f800 | 0f84 441f 

  0x000001ab476fcef8: ;   {metadata(method data for {method} {0x000001ab590982c8} 'isLatin1' '()Z' in 'java/lang/AbstractStringBuilder')}
  0x000001ab476fcef8: 0000 48ba | d0b6 3b59 | ab01 0000 | ff82 2001 | 0000 488b | 8424 d000 | 0000 0fbe | 5010 83fa 
  0x000001ab476fcf18: ;   {metadata(method data for {method} {0x000001ab590982c8} 'isLatin1' '()Z' in 'java/lang/AbstractStringBuilder')}
  0x000001ab476fcf18: 0048 bad0 | b63b 59ab | 0100 0049 | c7c0 3001 | 0000 0f85 | 0700 0000 | 49c7 c040 | 0100 004e 
  0x000001ab476fcf38: 8b0c 024d | 8d49 014e | 890c 020f | 851a 0000 

  0x000001ab476fcf48: ;   {metadata(method data for {method} {0x000001ab590982c8} 'isLatin1' '()Z' in 'java/lang/AbstractStringBuilder')}
  0x000001ab476fcf48: 0048 bad0 | b63b 59ab | 0100 00ff | 8250 0100 | 00ba 0100 | 0000 e905 | 0000 00ba | 0000 0000 
  0x000001ab476fcf68: 83e2 0183 

  0x000001ab476fcf6c: ;   {metadata(method data for {method} {0x000001ab5909b840} 'toString' '()Ljava/lang/String;' in 'java/lang/StringBuilder')}
  0x000001ab476fcf6c: fa00 48ba | 5009 3e59 | ab01 0000 | 49c7 c048 | 0100 000f | 8407 0000 | 0049 c7c0 | 5801 0000 
  0x000001ab476fcf8c: 4e8b 0c02 | 4d8d 4901 | 4e89 0c02 | 0f84 3b00 | 0000 8b50 | 1444 8b48 

  0x000001ab476fcfa4: ;   {metadata(method data for {method} {0x000001ab5909b840} 'toString' '()Ljava/lang/String;' in 'java/lang/StringBuilder')}
  0x000001ab476fcfa4: 0c49 b850 | 093e 59ab | 0100 0049 | 8380 6801 | 0000 0141 | b800 0000 

  0x000001ab476fcfbc: ;   {static_call}
  0x000001ab476fcfbc: 0066 90e8 

  0x000001ab476fcfc0: ; ImmutableOopMap {[152]=Oop [144]=Oop [216]=Oop }
                      ;*invokestatic newString {reexecute=0 rethrow=0 return_oop=0}
                      ; - java.lang.StringBuilder::toString@16
                      ; - org.eclipse.osgi.internal.loader.BundleLoader::findClass0@197 (line 496)
  0x000001ab476fcfc0: bc46 2807 

  0x000001ab476fcfc4: ;   {metadata(method data for {method} {0x000001ab5909b840} 'toString' '()Ljava/lang/String;' in 'java/lang/StringBuilder')}
  0x000001ab476fcfc4: 48ba 5009 | 3e59 ab01 | 0000 ff82 | 7801 0000 | e92b 0000 | 008b 5014 | 448b 480c 

  0x000001ab476fcfe0: ;   {metadata(method data for {method} {0x000001ab5909b840} 'toString' '()Ljava/lang/String;' in 'java/lang/StringBuilder')}
  0x000001ab476fcfe0: 49b8 5009 | 3e59 ab01 | 0000 4983 | 8090 0100 | 0001 41b8 | 0000 0000 | 0f1f 8000 

  0x000001ab476fcffc: ;   {static_call}
  0x000001ab476fcffc: 0000 00e8 

  0x000001ab476fd000: ; ImmutableOopMap {[152]=Oop [144]=Oop [216]=Oop }
                      ;*invokestatic newString {reexecute=0 rethrow=0 return_oop=0}
                      ; - java.lang.StringBuilder::toString@31
                      ; - org.eclipse.osgi.internal.loader.BundleLoader::findClass0@197 (line 496)
  0x000001ab476fd000: 7c46 2807 

  0x000001ab476fd004: ;   {metadata(method data for {method} {0x000001ab59a146d8} 'findClass0' '(Ljava/lang/String;ZZ)Ljava/lang/Class;' in 'org/eclipse/osgi/internal/loader/BundleLoader')}
  0x000001ab476fd004: 49b8 0080 | d559 ab01 | 0000 4983 | 80d8 0500 

  0x000001ab476fd014: ;   {metadata(method data for {method} {0x000001ab59869db0} 'println' '(Ljava/lang/String;)V' in 'org/eclipse/osgi/internal/debug/Debug')}
  0x000001ab476fd014: 0001 49b8 | 2057 d059 | ab01 0000 | 418b 90cc | 0000 0083 | c202 4189 | 90cc 0000 | 0081 e2fe 
  0x000001ab476fd034: ff1f 0083 | fa00 0f84 | 1f1e 0000 

  0x000001ab476fd040: ;   {oop(a 'java/lang/Class'{0x00000000c0000128} = 'org/eclipse/osgi/internal/debug/Debug')}
  0x000001ab476fd040: 49b8 2801 | 00c0 0000 | 0000 418b | 90d4 0000 | 0048 3b02 

  0x000001ab476fd054: ;   {metadata(method data for {method} {0x000001ab59869db0} 'println' '(Ljava/lang/String;)V' in 'org/eclipse/osgi/internal/debug/Debug')}
  0x000001ab476fd054: 4c8b c248 | be20 57d0 | 59ab 0100 

  0x000001ab476fd060: ;   {metadata('java/io/PrintStream')}
  0x000001ab476fd060: 0049 ba60 | 8906 0001 | 0000 004c | 8996 2001 | 0000 4883 | 8628 0100 | 0001 4c8b 

  0x000001ab476fd07c: ;   {optimized virtual_call}
  0x000001ab476fd07c: c066 90e8 

  0x000001ab476fd080: ; ImmutableOopMap {[152]=Oop [144]=Oop [216]=Oop }
                      ;*invokevirtual println {reexecute=0 rethrow=0 return_oop=0}
                      ; - org.eclipse.osgi.internal.debug.Debug::println@4 (line 358)
                      ; - org.eclipse.osgi.internal.loader.BundleLoader::findClass0@200 (line 496)
  0x000001ab476fd080: fc3f 2807 | 488b 9c24 | d800 0000 

  0x000001ab476fd08c: ; implicit exception: dispatches to 0x000001ab476fee85
  0x000001ab476fd08c: 483b 034c 

  0x000001ab476fd090: ;   {metadata(method data for {method} {0x000001ab59a146d8} 'findClass0' '(Ljava/lang/String;ZZ)Ljava/lang/Class;' in 'org/eclipse/osgi/internal/loader/BundleLoader')}
  0x000001ab476fd090: 8bc3 48ba | 0080 d559 | ab01 0000 | 458b 4008 | 49c1 e003 | 4c3b 82f8 | 0500 0075 | 0d48 8382 
  0x000001ab476fd0b0: 0006 0000 | 01e9 6600 | 0000 4c3b | 8208 0600 | 0075 0d48 | 8382 1006 | 0000 01e9 | 5000 0000 
  0x000001ab476fd0d0: 4881 baf8 | 0500 0000 | 0000 0075 | 174c 8982 | f805 0000 | 48c7 8200 | 0600 0001 | 0000 00e9 
  0x000001ab476fd0f0: 2c00 0000 | 4881 ba08 | 0600 0000 | 0000 0075 | 174c 8982 | 0806 0000 | 48c7 8210 | 0600 0001 
  0x000001ab476fd110: 0000 00e9 | 0800 0000 | 4883 82e8 | 0500 0001 | 4c8b 8424 | 9800 0000 | 488b d366 | 9048 b8d0 
  0x000001ab476fd130: fb6f 5eab 

  0x000001ab476fd134: ;   {virtual_call}
  0x000001ab476fd134: 0100 00e8 

  0x000001ab476fd138: ; ImmutableOopMap {[152]=Oop [144]=Oop }
                      ;*invokevirtual loadClass {reexecute=0 rethrow=0 return_oop=0}
                      ; - org.eclipse.osgi.internal.loader.BundleLoader::findClass0@206 (line 499)
  0x000001ab476fd138: ec91 2807 | 4883 f800 

  0x000001ab476fd140: ;   {metadata(method data for {method} {0x000001ab59a146d8} 'findClass0' '(Ljava/lang/String;ZZ)Ljava/lang/Class;' in 'org/eclipse/osgi/internal/loader/BundleLoader')}
  0x000001ab476fd140: 48ba 0080 | d559 ab01 | 0000 48c7 | c620 0600 | 000f 8507 | 0000 0048 | c7c6 3006 | 0000 488b 
  0x000001ab476fd160: 3c32 488d | 7f01 4889 | 3c32 0f85 | 9503 0000 | 488b 9424 | 9000 0000 

  0x000001ab476fd178: ;   {metadata(method data for {method} {0x000001ab59a146d8} 'findClass0' '(Ljava/lang/String;ZZ)Ljava/lang/Class;' in 'org/eclipse/osgi/internal/loader/BundleLoader')}
  0x000001ab476fd178: 48be 0080 | d559 ab01 | 0000 8b52 | 0848 c1e2 | 0348 3b96 | 5006 0000 | 750d 4883 | 8658 0600 
  0x000001ab476fd198: 0001 e966 | 0000 0048 | 3b96 6006 | 0000 750d | 4883 8668 | 0600 0001 | e950 0000 | 0048 81be 
  0x000001ab476fd1b8: 5006 0000 | 0000 0000 | 7517 4889 | 9650 0600 | 0048 c786 | 5806 0000 | 0100 0000 | e92c 0000 
  0x000001ab476fd1d8: 0048 81be | 6006 0000 | 0000 0000 | 7517 4889 | 9660 0600 | 0048 c786 | 6806 0000 | 0100 0000 
  0x000001ab476fd1f8: e908 0000 | 0048 8386 | 4006 0000 | 0148 8b94 | 2490 0000 | 0048 b8ff | ffff ffff 

  0x000001ab476fd214: ;   {virtual_call}
  0x000001ab476fd214: ffff ffe8 

  0x000001ab476fd218: ; ImmutableOopMap {[152]=Oop [144]=Oop }
                      ;*invokevirtual getModuleClassLoader {reexecute=0 rethrow=0 return_oop=0}
                      ; - org.eclipse.osgi.internal.loader.BundleLoader::findClass0@217 (line 503)
  0x000001ab476fd218: 6441 2807 

  0x000001ab476fd21c: ; implicit exception: dispatches to 0x000001ab476fee8a
  0x000001ab476fd21c: 483b 004c 

  0x000001ab476fd220: ;   {metadata(method data for {method} {0x000001ab59a146d8} 'findClass0' '(Ljava/lang/String;ZZ)Ljava/lang/Class;' in 'org/eclipse/osgi/internal/loader/BundleLoader')}
  0x000001ab476fd220: 8bc0 48ba | 0080 d559 | ab01 0000 | 458b 4008 | 49c1 e003 | 4c3b 8288 | 0600 0075 | 0d48 8382 
  0x000001ab476fd240: 9006 0000 | 01e9 6600 | 0000 4c3b | 8298 0600 | 0075 0d48 | 8382 a006 | 0000 01e9 | 5000 0000 
  0x000001ab476fd260: 4881 ba88 | 0600 0000 | 0000 0075 | 174c 8982 | 8806 0000 | 48c7 8290 | 0600 0001 | 0000 00e9 
  0x000001ab476fd280: 2c00 0000 | 4881 ba98 | 0600 0000 | 0000 0075 | 174c 8982 | 9806 0000 | 48c7 82a0 | 0600 0001 
  0x000001ab476fd2a0: 0000 00e9 | 0800 0000 | 4883 8278 | 0600 0001 

  0x000001ab476fd2b0: ;   {metadata(method data for {method} {0x000001ab59aaa4d0} 'publicFindLoaded' '(Ljava/lang/String;)Ljava/lang/Class;' in 'org/eclipse/osgi/internal/loader/ModuleClassLoader')}
  0x000001ab476fd2b0: 49b8 f8c6 | e459 ab01 | 0000 418b | 90cc 0000 | 0083 c202 | 4189 90cc | 0000 0081 | e2fe ff1f 
  0x000001ab476fd2d0: 0083 fa00 | 0f84 b51b | 0000 4c8b 

  0x000001ab476fd2dc: ;   {metadata(method data for {method} {0x000001ab59aaa4d0} 'publicFindLoaded' '(Ljava/lang/String;)Ljava/lang/Class;' in 'org/eclipse/osgi/internal/loader/ModuleClassLoader')}
  0x000001ab476fd2dc: c048 baf8 | c6e4 59ab | 0100 0045 | 8b40 0849 | c1e0 034c | 3b82 2001 | 0000 750d | 4883 8228 
  0x000001ab476fd2fc: 0100 0001 | e966 0000 | 004c 3b82 | 3001 0000 | 750d 4883 | 8238 0100 | 0001 e950 | 0000 0048 
  0x000001ab476fd31c: 81ba 2001 | 0000 0000 | 0000 7517 | 4c89 8220 | 0100 0048 | c782 2801 | 0000 0100 | 0000 e92c 
  0x000001ab476fd33c: 0000 0048 | 81ba 3001 | 0000 0000 | 0000 7517 | 4c89 8230 | 0100 0048 | c782 3801 | 0000 0100 
  0x000001ab476fd35c: 0000 e908 | 0000 0048 | 8382 1001 

  0x000001ab476fd368: ;   {metadata(method data for {method} {0x000001ab59aab1a0} 'getClassLoadingLock' '(Ljava/lang/String;)Ljava/lang/Object;' in 'org/eclipse/osgi/internal/loader/ModuleClassLoader')}
  0x000001ab476fd368: 0000 0149 | b8c0 c8e4 | 59ab 0100 | 0041 8b90 | cc00 0000 | 83c2 0241 | 8990 cc00 | 0000 81e2 
  0x000001ab476fd388: feff 1f00 | 83fa 000f | 841b 1b00 | 008b 5050 

  0x000001ab476fd398: ; implicit exception: dispatches to 0x000001ab476feed1
  0x000001ab476fd398: 483b 024c 

  0x000001ab476fd39c: ;   {metadata(method data for {method} {0x000001ab59aab1a0} 'getClassLoadingLock' '(Ljava/lang/String;)Ljava/lang/Object;' in 'org/eclipse/osgi/internal/loader/ModuleClassLoader')}
  0x000001ab476fd39c: 8bc2 48be | c0c8 e459 | ab01 0000 | 4883 8610 | 0100 0001 | 4c8b 8424 | 9800 0000 | 4889 8424 
  0x000001ab476fd3bc: e000 0000 | 0f1f 8000 

  0x000001ab476fd3c4: ;   {optimized virtual_call}
  0x000001ab476fd3c4: 0000 00e8 

  0x000001ab476fd3c8: ; ImmutableOopMap {[152]=Oop [144]=Oop [224]=Oop }
                      ;*invokevirtual getLock {reexecute=0 rethrow=0 return_oop=0}
                      ; - org.eclipse.osgi.internal.loader.ModuleClassLoader::getClassLoadingLock@5 (line 431)
                      ; - org.eclipse.osgi.internal.loader.ModuleClassLoader::publicFindLoaded@2 (line 317)
                      ; - org.eclipse.osgi.internal.loader.BundleLoader::findClass0@221 (line 503)
  0x000001ab476fd3c8: b43c 2807 | 4889 8424 | e800 0000 | 488d 9424 | 0801 0000 | 488b f048 | 8972 0848 | 8b06 4883 
  0x000001ab476fd3e8: c801 4889 | 02f0 480f | b116 0f84 | 1300 0000 | 482b c448 | 81e0 07f0 | ffff 4889 | 020f 85d0 
  0x000001ab476fd408: 1a00 0048 | 8b94 24e0 

  0x000001ab476fd410: ;   {metadata(method data for {method} {0x000001ab59aaa4d0} 'publicFindLoaded' '(Ljava/lang/String;)Ljava/lang/Class;' in 'org/eclipse/osgi/internal/loader/ModuleClassLoader')}
  0x000001ab476fd410: 0000 0048 | bef8 c6e4 | 59ab 0100 | 0048 8386 | 4801 0000 

  0x000001ab476fd424: ;   {metadata(method data for {method} {0x000001ab5901e5d0} 'findLoadedClass' '(Ljava/lang/String;)Ljava/lang/Class;' in 'java/lang/ClassLoader')}
  0x000001ab476fd424: 0148 baf8 | ce7d 59ab | 0100 008b | b2cc 0000 | 0083 c602 | 89b2 cc00 | 0000 81e6 | feff 1f00 
  0x000001ab476fd444: 83fe 000f | 84a1 1a00 

  0x000001ab476fd44c: ;   {metadata(method data for {method} {0x000001ab5901e5d0} 'findLoadedClass' '(Ljava/lang/String;)Ljava/lang/Class;' in 'java/lang/ClassLoader')}
  0x000001ab476fd44c: 0048 baf8 | ce7d 59ab | 0100 0048 | 8382 1001 | 0000 0148 | 8b94 2498 

  0x000001ab476fd464: ;   {static_call}
  0x000001ab476fd464: 0000 00e8 

  0x000001ab476fd468: ; ImmutableOopMap {[152]=Oop [144]=Oop [224]=Oop [232]=Oop [272]=Oop }
                      ;*invokestatic checkName {reexecute=0 rethrow=0 return_oop=0}
                      ; - java.lang.ClassLoader::findLoadedClass@1
                      ; - org.eclipse.osgi.internal.loader.ModuleClassLoader::publicFindLoaded@10 (line 318)
                      ; - org.eclipse.osgi.internal.loader.BundleLoader::findClass0@221 (line 503)
  0x000001ab476fd468: 1442 2807 

  0x000001ab476fd46c: ;   {metadata(method data for {method} {0x000001ab5901e5d0} 'findLoadedClass' '(Ljava/lang/String;)Ljava/lang/Class;' in 'java/lang/ClassLoader')}
  0x000001ab476fd46c: 83f8 0049 | b8f8 ce7d | 59ab 0100 | 0048 c7c2 | 2001 0000 | 0f85 0700 | 0000 48c7 | c230 0100 
  0x000001ab476fd48c: 0049 8b34 | 1048 8d76 | 0149 8934 | 100f 850f 

  0x000001ab476fd49c: ;   {oop(NULL)}
  0x000001ab476fd49c: 0000 0048 | be00 0000 | 0000 0000 | 00e9 3100 | 0000 488b | 8424 e000 | 0000 4c8b 

  0x000001ab476fd4b8: ;   {metadata(method data for {method} {0x000001ab5901e5d0} 'findLoadedClass' '(Ljava/lang/String;)Ljava/lang/Class;' in 'java/lang/ClassLoader')}
  0x000001ab476fd4b8: c048 baf8 | ce7d 59ab | 0100 0048 | 8382 4001 | 0000 014c | 8b84 2498 | 0000 0048 

  0x000001ab476fd4d4: ;   {optimized virtual_call}
  0x000001ab476fd4d4: 8bd0 90e8 

  0x000001ab476fd4d8: ; ImmutableOopMap {[152]=Oop [144]=Oop [232]=Oop [272]=Oop }
                      ;*invokevirtual findLoadedClass0 {reexecute=0 rethrow=0 return_oop=0}
                      ; - java.lang.ClassLoader::findLoadedClass@11
                      ; - org.eclipse.osgi.internal.loader.ModuleClassLoader::publicFindLoaded@10 (line 318)
                      ; - org.eclipse.osgi.internal.loader.BundleLoader::findClass0@221 (line 503)
  0x000001ab476fd4d8: a43b 2807 | 488b f048 | 8d84 2408 | 0100 004c | 8b00 4d85 | c00f 840f | 0000 004c | 8b48 08f0 
  0x000001ab476fd4f8: 4d0f b101 | 0f85 0d1a | 0000 488b | c648 83f8 

  0x000001ab476fd508: ;   {metadata(method data for {method} {0x000001ab59a146d8} 'findClass0' '(Ljava/lang/String;ZZ)Ljava/lang/Class;' in 'org/eclipse/osgi/internal/loader/BundleLoader')}
  0x000001ab476fd508: 0049 b800 | 80d5 59ab | 0100 0049 | c7c1 b006 | 0000 0f84 | 0700 0000 | 49c7 c1c0 | 0600 004b 
  0x000001ab476fd528: 8b14 0848 | 8d52 014b | 8914 080f | 84b8 1100 | 0048 81c4 | 2001 0000 

  0x000001ab476fd540: ;   {poll_return}
  0x000001ab476fd540: 5d49 3ba7 | 5003 0000 | 0f87 d719 

  0x000001ab476fd54c: ;   {metadata(method data for {method} {0x000001ab59a146d8} 'findClass0' '(Ljava/lang/String;ZZ)Ljava/lang/Class;' in 'org/eclipse/osgi/internal/loader/BundleLoader')}
  0x000001ab476fd54c: 0000 c349 | b800 80d5 | 59ab 0100 | 0049 8380 | e006 0000 | 014c 8b84 | 24b0 0000 

  0x000001ab476fd568: ;   {oop(NULL)}
  0x000001ab476fd568: 0049 b900 | 0000 0000 | 0000 0048 | 8b94 2490 | 0000 000f 

  0x000001ab476fd57c: ;   {optimized virtual_call}
  0x000001ab476fd57c: 1f40 00e8 

  0x000001ab476fd580: ; ImmutableOopMap {[152]=Oop [144]=Oop [176]=Oop [192]=Oop }
                      ;*invokespecial findRequiredSource {reexecute=0 rethrow=0 return_oop=0}
                      ; - org.eclipse.osgi.internal.loader.BundleLoader::findClass0@245 (line 510)
  0x000001ab476fd580: 311f 0000 | 4889 8424 | f800 0000 | 4883 f800 

  0x000001ab476fd590: ;   {metadata(method data for {method} {0x000001ab59a146d8} 'findClass0' '(Ljava/lang/String;ZZ)Ljava/lang/Class;' in 'org/eclipse/osgi/internal/loader/BundleLoader')}
  0x000001ab476fd590: 48ba 0080 | d559 ab01 | 0000 48c7 | c600 0700 | 000f 8507 | 0000 0048 | c7c6 f006 | 0000 488b 
  0x000001ab476fd5b0: 3c32 488d | 7f01 4889 | 3c32 0f85 | 0d00 0000 | 488b b424 | c000 0000 | e9da 0700 | 0048 8b94 
  0x000001ab476fd5d0: 2490 0000 | 008b 7218 

  0x000001ab476fd5d8: ; implicit exception: dispatches to 0x000001ab476fef3b
  0x000001ab476fd5d8: 0fbe 760e 

  0x000001ab476fd5dc: ;   {metadata(method data for {method} {0x000001ab59a146d8} 'findClass0' '(Ljava/lang/String;ZZ)Ljava/lang/Class;' in 'org/eclipse/osgi/internal/loader/BundleLoader')}
  0x000001ab476fd5dc: 83fe 0048 | be00 80d5 | 59ab 0100 | 0048 c7c7 | 1007 0000 | 0f84 0700 | 0000 48c7 | c720 0700 
  0x000001ab476fd5fc: 0048 8b0c | 3e48 8d49 | 0148 890c | 3e0f 84e5 | 0600 0090 

  0x000001ab476fd610: ;   {no_reloc}
  0x000001ab476fd610: e93a 1900 | 0000 0000 | 0000 498b | 8708 0100 | 0048 8d78 | 1849 3bbf | 1801 0000 | 0f87 2719 
  0x000001ab476fd630: 0000 4989 | bf08 0100 | 0048 c700 | 0100 0000 | 488b ca48 | c1e9 0389 | 4808 4833 | c989 480c 
  0x000001ab476fd650: 4833 c948 | 8948 104c 

  0x000001ab476fd658: ;   {metadata(method data for {method} {0x000001ab59a146d8} 'findClass0' '(Ljava/lang/String;ZZ)Ljava/lang/Class;' in 'org/eclipse/osgi/internal/loader/BundleLoader')}
  0x000001ab476fd658: 8bc0 48ba | 0080 d559 | ab01 0000 | 4883 8230 | 0700 0001 

  0x000001ab476fd66c: ;   {metadata(method data for {method} {0x000001ab5909a268} '<init>' '(Ljava/lang/String;)V' in 'java/lang/StringBuilder')}
  0x000001ab476fd66c: 49b8 70f3 | 7f59 ab01 | 0000 418b | 90cc 0000 | 0083 c202 | 4189 90cc | 0000 0081 | e2fe ff1f 
  0x000001ab476fd68c: 0083 fa00 | 0f84 d018 | 0000 4c8b 

  0x000001ab476fd698: ;   {metadata(method data for {method} {0x000001ab5909a268} '<init>' '(Ljava/lang/String;)V' in 'java/lang/StringBuilder')}
  0x000001ab476fd698: c048 ba70 | f37f 59ab | 0100 0048 | 8382 1001 

  0x000001ab476fd6a8: ;   {oop("BundleLoader["{0x00000000c0000b08})}
  0x000001ab476fd6a8: 0000 0149 | b808 0b00 | c000 0000 | 0048 8bd0 | 4889 8424 | f000 0000 | 0f1f 8000 

  0x000001ab476fd6c4: ;   {optimized virtual_call}
  0x000001ab476fd6c4: 0000 00e8 

  0x000001ab476fd6c8: ; ImmutableOopMap {[152]=Oop [176]=Oop [248]=Oop [144]=Oop [240]=Oop }
                      ;*invokespecial <init> {reexecute=0 rethrow=0 return_oop=0}
                      ; - java.lang.StringBuilder::<init>@2
                      ; - org.eclipse.osgi.internal.loader.BundleLoader::findClass0@272 (line 513)
  0x000001ab476fd6c8: b439 2807 | 488b 8424 | f000 0000 

  0x000001ab476fd6d4: ;   {metadata(method data for {method} {0x000001ab59a146d8} 'findClass0' '(Ljava/lang/String;ZZ)Ljava/lang/Class;' in 'org/eclipse/osgi/internal/loader/BundleLoader')}
  0x000001ab476fd6d4: 48ba 0080 | d559 ab01 | 0000 4883 | 8240 0700 

  0x000001ab476fd6e4: ;   {metadata(method data for {method} {0x000001ab5909a430} 'append' '(Ljava/lang/Object;)Ljava/lang/StringBuilder;' in 'java/lang/StringBuilder')}
  0x000001ab476fd6e4: 0001 48ba | 0841 9d59 | ab01 0000 | 8bb2 cc00 | 0000 83c6 | 0289 b2cc | 0000 0081 | e6fe ff1f 
  0x000001ab476fd704: 0083 fe00 | 0f84 7918 

  0x000001ab476fd70c: ;   {metadata(method data for {method} {0x000001ab5909a430} 'append' '(Ljava/lang/Object;)Ljava/lang/StringBuilder;' in 'java/lang/StringBuilder')}
  0x000001ab476fd70c: 0000 48ba | 0841 9d59 | ab01 0000 | 4883 8210 | 0100 0001 

  0x000001ab476fd720: ;   {metadata(method data for {method} {0x000001ab5900b988} 'valueOf' '(Ljava/lang/Object;)Ljava/lang/String;' in 'java/lang/String')}
  0x000001ab476fd720: 48ba 108f | 7d59 ab01 | 0000 8bb2 | cc00 0000 | 83c6 0289 | b2cc 0000 | 0081 e6fe | ff1f 0083 
  0x000001ab476fd740: fe00 0f84 | 6018 0000 

  0x000001ab476fd748: ;   {metadata(method data for {method} {0x000001ab5900b988} 'valueOf' '(Ljava/lang/Object;)Ljava/lang/String;' in 'java/lang/String')}
  0x000001ab476fd748: 48ba 108f | 7d59 ab01 | 0000 ff82 | 1001 0000 | 488b 9424 | 9000 0000 

  0x000001ab476fd760: ;   {metadata(method data for {method} {0x000001ab5900b988} 'valueOf' '(Ljava/lang/Object;)Ljava/lang/String;' in 'java/lang/String')}
  0x000001ab476fd760: 48be 108f | 7d59 ab01 | 0000 8b52 | 0848 c1e2 | 0348 3b96 | 5801 0000 | 750d 4883 | 8660 0100 
  0x000001ab476fd780: 0001 e966 | 0000 0048 | 3b96 6801 | 0000 750d | 4883 8670 | 0100 0001 | e950 0000 | 0048 81be 
  0x000001ab476fd7a0: 5801 0000 | 0000 0000 | 7517 4889 | 9658 0100 | 0048 c786 | 6001 0000 | 0100 0000 | e92c 0000 
  0x000001ab476fd7c0: 0048 81be | 6801 0000 | 0000 0000 | 7517 4889 | 9668 0100 | 0048 c786 | 7001 0000 | 0100 0000 
  0x000001ab476fd7e0: e908 0000 | 0048 8386 | 4801 0000 | 0148 8b94 | 2490 0000 

  0x000001ab476fd7f4: ;   {optimized virtual_call}
  0x000001ab476fd7f4: 0066 90e8 

  0x000001ab476fd7f8: ; ImmutableOopMap {[152]=Oop [176]=Oop [248]=Oop [144]=Oop [240]=Oop }
                      ;*invokevirtual toString {reexecute=0 rethrow=0 return_oop=0}
                      ; - java.lang.String::valueOf@11
                      ; - java.lang.StringBuilder::append@2
                      ; - org.eclipse.osgi.internal.loader.BundleLoader::findClass0@276 (line 513)
  0x000001ab476fd7f8: 8438 2807 | 4c8b 8424 | f000 0000 

  0x000001ab476fd804: ;   {metadata(method data for {method} {0x000001ab5909a430} 'append' '(Ljava/lang/Object;)Ljava/lang/StringBuilder;' in 'java/lang/StringBuilder')}
  0x000001ab476fd804: 48ba 0841 | 9d59 ab01 | 0000 4883 | 8220 0100 

  0x000001ab476fd814: ;   {metadata(method data for {method} {0x000001ab5909a4c8} 'append' '(Ljava/lang/String;)Ljava/lang/StringBuilder;' in 'java/lang/StringBuilder')}
  0x000001ab476fd814: 0001 49b8 | a805 3e59 | ab01 0000 | 418b 90cc | 0000 0083 | c202 4189 | 90cc 0000 | 0081 e2fe 
  0x000001ab476fd834: ff1f 0083 | fa00 0f84 | 8917 0000 | 4c8b 8424 | f000 0000 

  0x000001ab476fd848: ;   {metadata(method data for {method} {0x000001ab5909a4c8} 'append' '(Ljava/lang/String;)Ljava/lang/StringBuilder;' in 'java/lang/StringBuilder')}
  0x000001ab476fd848: 48ba a805 | 3e59 ab01 | 0000 4883 | 8210 0100 | 0001 4c8b | c048 8b94 | 24f0 0000 

  0x000001ab476fd864: ;   {optimized virtual_call}
  0x000001ab476fd864: 0066 90e8 

  0x000001ab476fd868: ; ImmutableOopMap {[152]=Oop [176]=Oop [248]=Oop [144]=Oop [240]=Oop }
                      ;*invokespecial append {reexecute=0 rethrow=0 return_oop=0}
                      ; - java.lang.StringBuilder::append@2
                      ; - java.lang.StringBuilder::append@5
                      ; - org.eclipse.osgi.internal.loader.BundleLoader::findClass0@276 (line 513)
  0x000001ab476fd868: 1438 2807 | 4c8b 8424 | f000 0000 

  0x000001ab476fd874: ;   {metadata(method data for {method} {0x000001ab59a146d8} 'findClass0' '(Ljava/lang/String;ZZ)Ljava/lang/Class;' in 'org/eclipse/osgi/internal/loader/BundleLoader')}
  0x000001ab476fd874: 48ba 0080 | d559 ab01 | 0000 4883 | 8278 0700 

  0x000001ab476fd884: ;   {metadata(method data for {method} {0x000001ab5909a4c8} 'append' '(Ljava/lang/String;)Ljava/lang/StringBuilder;' in 'java/lang/StringBuilder')}
  0x000001ab476fd884: 0001 49b8 | a805 3e59 | ab01 0000 | 418b 90cc | 0000 0083 | c202 4189 | 90cc 0000 | 0081 e2fe 
  0x000001ab476fd8a4: ff1f 0083 | fa00 0f84 | 3a17 0000 | 4c8b 8424 | f000 0000 

  0x000001ab476fd8b8: ;   {metadata(method data for {method} {0x000001ab5909a4c8} 'append' '(Ljava/lang/String;)Ljava/lang/StringBuilder;' in 'java/lang/StringBuilder')}
  0x000001ab476fd8b8: 48ba a805 | 3e59 ab01 | 0000 4883 | 8210 0100 

  0x000001ab476fd8c8: ;   {oop("] loading from required bundle package: "{0x00000000eab2ae40})}
  0x000001ab476fd8c8: 0001 49b8 | 40ae b2ea | 0000 0000 | 488b 9424 | f000 0000 

  0x000001ab476fd8dc: ;   {optimized virtual_call}
  0x000001ab476fd8dc: 6666 90e8 

  0x000001ab476fd8e0: ; ImmutableOopMap {[152]=Oop [176]=Oop [144]=Oop [240]=Oop [248]=Oop }
                      ;*invokespecial append {reexecute=0 rethrow=0 return_oop=0}
                      ; - java.lang.StringBuilder::append@2
                      ; - org.eclipse.osgi.internal.loader.BundleLoader::findClass0@282 (line 513)
  0x000001ab476fd8e0: 9c37 2807 | 488b 8424 | f000 0000 

  0x000001ab476fd8ec: ;   {metadata(method data for {method} {0x000001ab59a146d8} 'findClass0' '(Ljava/lang/String;ZZ)Ljava/lang/Class;' in 'org/eclipse/osgi/internal/loader/BundleLoader')}
  0x000001ab476fd8ec: 48ba 0080 | d559 ab01 | 0000 4883 | 82b0 0700 

  0x000001ab476fd8fc: ;   {metadata(method data for {method} {0x000001ab5909a430} 'append' '(Ljava/lang/Object;)Ljava/lang/StringBuilder;' in 'java/lang/StringBuilder')}
  0x000001ab476fd8fc: 0001 48ba | 0841 9d59 | ab01 0000 | 8bb2 cc00 | 0000 83c6 | 0289 b2cc | 0000 0081 | e6fe ff1f 
  0x000001ab476fd91c: 0083 fe00 | 0f84 e516 

  0x000001ab476fd924: ;   {metadata(method data for {method} {0x000001ab5909a430} 'append' '(Ljava/lang/Object;)Ljava/lang/StringBuilder;' in 'java/lang/StringBuilder')}
  0x000001ab476fd924: 0000 48ba | 0841 9d59 | ab01 0000 | 4883 8210 | 0100 0001 

  0x000001ab476fd938: ;   {metadata(method data for {method} {0x000001ab5900b988} 'valueOf' '(Ljava/lang/Object;)Ljava/lang/String;' in 'java/lang/String')}
  0x000001ab476fd938: 48ba 108f | 7d59 ab01 | 0000 8bb2 | cc00 0000 | 83c6 0289 | b2cc 0000 | 0081 e6fe | ff1f 0083 
  0x000001ab476fd958: fe00 0f84 | cc16 0000 | 488b 8424 | f800 0000 | 4883 f800 

  0x000001ab476fd96c: ;   {metadata(method data for {method} {0x000001ab5900b988} 'valueOf' '(Ljava/lang/Object;)Ljava/lang/String;' in 'java/lang/String')}
  0x000001ab476fd96c: 48ba 108f | 7d59 ab01 | 0000 48c7 | c610 0100 | 000f 8507 | 0000 0048 | c7c6 2001 | 0000 488b 
  0x000001ab476fd98c: 3c32 488d | 7f01 4889 | 3c32 0f85 | 1f00 0000 

  0x000001ab476fd99c: ;   {metadata(method data for {method} {0x000001ab5900b988} 'valueOf' '(Ljava/lang/Object;)Ljava/lang/String;' in 'java/lang/String')}
  0x000001ab476fd99c: 48ba 108f | 7d59 ab01 | 0000 ff82 | 3001 0000 

  0x000001ab476fd9ac: ;   {oop("null"{0x00000000c0000080})}
  0x000001ab476fd9ac: 48be 8000 | 00c0 0000 | 0000 e9a4 | 0000 0048 | 3b00 488b 

  0x000001ab476fd9c0: ;   {metadata(method data for {method} {0x000001ab5900b988} 'valueOf' '(Ljava/lang/Object;)Ljava/lang/String;' in 'java/lang/String')}
  0x000001ab476fd9c0: d048 be10 | 8f7d 59ab | 0100 008b | 5208 48c1 | e203 483b | 9658 0100 | 0075 0d48 | 8386 6001 
  0x000001ab476fd9e0: 0000 01e9 | 6600 0000 | 483b 9668 | 0100 0075 | 0d48 8386 | 7001 0000 | 01e9 5000 | 0000 4881 
  0x000001ab476fda00: be58 0100 | 0000 0000 | 0075 1748 | 8996 5801 | 0000 48c7 | 8660 0100 | 0001 0000 | 00e9 2c00 
  0x000001ab476fda20: 0000 4881 | be68 0100 | 0000 0000 | 0075 1748 | 8996 6801 | 0000 48c7 | 8670 0100 | 0001 0000 
  0x000001ab476fda40: 00e9 0800 | 0000 4883 | 8648 0100 | 0001 488b | d066 0f1f 

  0x000001ab476fda54: ;   {optimized virtual_call}
  0x000001ab476fda54: 4400 00e8 

  0x000001ab476fda58: ; ImmutableOopMap {[152]=Oop [176]=Oop [144]=Oop [240]=Oop [248]=Oop }
                      ;*invokevirtual toString {reexecute=0 rethrow=0 return_oop=0}
                      ; - java.lang.String::valueOf@11
                      ; - java.lang.StringBuilder::append@2
                      ; - org.eclipse.osgi.internal.loader.BundleLoader::findClass0@287 (line 513)
  0x000001ab476fda58: 2436 2807 | 488b f048 | 8b84 24f0 

  0x000001ab476fda64: ;   {metadata(method data for {method} {0x000001ab5909a430} 'append' '(Ljava/lang/Object;)Ljava/lang/StringBuilder;' in 'java/lang/StringBuilder')}
  0x000001ab476fda64: 0000 0049 | b808 419d | 59ab 0100 | 0049 8380 | 2001 0000 

  0x000001ab476fda78: ;   {metadata(method data for {method} {0x000001ab5909a4c8} 'append' '(Ljava/lang/String;)Ljava/lang/StringBuilder;' in 'java/lang/StringBuilder')}
  0x000001ab476fda78: 0149 b8a8 | 053e 59ab | 0100 0041 | 8b90 cc00 | 0000 83c2 | 0241 8990 | cc00 0000 | 81e2 feff 
  0x000001ab476fda98: 1f00 83fa | 000f 84af | 1500 0048 | 8b84 24f0 

  0x000001ab476fdaa8: ;   {metadata(method data for {method} {0x000001ab5909a4c8} 'append' '(Ljava/lang/String;)Ljava/lang/StringBuilder;' in 'java/lang/StringBuilder')}
  0x000001ab476fdaa8: 0000 0049 | b8a8 053e | 59ab 0100 | 0049 8380 | 1001 0000 | 014c 8bc6 | 488b 9424 | f000 0000 
  0x000001ab476fdac8: 0f1f 8000 

  0x000001ab476fdacc: ;   {optimized virtual_call}
  0x000001ab476fdacc: 0000 00e8 

  0x000001ab476fdad0: ; ImmutableOopMap {[152]=Oop [176]=Oop [144]=Oop [240]=Oop [248]=Oop }
                      ;*invokespecial append {reexecute=0 rethrow=0 return_oop=0}
                      ; - java.lang.StringBuilder::append@2
                      ; - java.lang.StringBuilder::append@5
                      ; - org.eclipse.osgi.internal.loader.BundleLoader::findClass0@287 (line 513)
  0x000001ab476fdad0: ac35 2807 | 488b 8424 | f000 0000 

  0x000001ab476fdadc: ;   {metadata(method data for {method} {0x000001ab59a146d8} 'findClass0' '(Ljava/lang/String;ZZ)Ljava/lang/Class;' in 'org/eclipse/osgi/internal/loader/BundleLoader')}
  0x000001ab476fdadc: 48ba 0080 | d559 ab01 | 0000 4883 | 82e8 0700 

  0x000001ab476fdaec: ;   {metadata(method data for {method} {0x000001ab5909b840} 'toString' '()Ljava/lang/String;' in 'java/lang/StringBuilder')}
  0x000001ab476fdaec: 0001 48ba | 5009 3e59 | ab01 0000 | 448b 82cc | 0000 0041 | 83c0 0244 | 8982 cc00 | 0000 4181 
  0x000001ab476fdb0c: e0fe ff1f | 0041 83f8 | 000f 8458 | 1500 0048 | 8b84 24f0 

  0x000001ab476fdb20: ;   {metadata(method data for {method} {0x000001ab5909b840} 'toString' '()Ljava/lang/String;' in 'java/lang/StringBuilder')}
  0x000001ab476fdb20: 0000 0048 | ba50 093e | 59ab 0100 | 0048 8382 | 1001 0000 

  0x000001ab476fdb34: ;   {metadata(method data for {method} {0x000001ab590982c8} 'isLatin1' '()Z' in 'java/lang/AbstractStringBuilder')}
  0x000001ab476fdb34: 0148 bad0 | b63b 59ab | 0100 0044 | 8b82 cc00 | 0000 4183 | c002 4489 | 82cc 0000 | 0041 81e0 
  0x000001ab476fdb54: feff 1f00 | 4183 f800 | 0f84 3215 

  0x000001ab476fdb60: ;   {metadata(method data for {method} {0x000001ab590982c8} 'isLatin1' '()Z' in 'java/lang/AbstractStringBuilder')}
  0x000001ab476fdb60: 0000 48ba | d0b6 3b59 | ab01 0000 | ff82 2001 | 0000 488b | 8424 f000 | 0000 0fbe | 5010 83fa 
  0x000001ab476fdb80: ;   {metadata(method data for {method} {0x000001ab590982c8} 'isLatin1' '()Z' in 'java/lang/AbstractStringBuilder')}
  0x000001ab476fdb80: 0048 bad0 | b63b 59ab | 0100 0049 | c7c0 3001 | 0000 0f85 | 0700 0000 | 49c7 c040 | 0100 004e 
  0x000001ab476fdba0: 8b0c 024d | 8d49 014e | 890c 020f | 851a 0000 

  0x000001ab476fdbb0: ;   {metadata(method data for {method} {0x000001ab590982c8} 'isLatin1' '()Z' in 'java/lang/AbstractStringBuilder')}
  0x000001ab476fdbb0: 0048 bad0 | b63b 59ab | 0100 00ff | 8250 0100 | 00ba 0100 | 0000 e905 | 0000 00ba | 0000 0000 
  0x000001ab476fdbd0: 83e2 0183 

  0x000001ab476fdbd4: ;   {metadata(method data for {method} {0x000001ab5909b840} 'toString' '()Ljava/lang/String;' in 'java/lang/StringBuilder')}
  0x000001ab476fdbd4: fa00 48ba | 5009 3e59 | ab01 0000 | 49c7 c048 | 0100 000f | 8407 0000 | 0049 c7c0 | 5801 0000 
  0x000001ab476fdbf4: 4e8b 0c02 | 4d8d 4901 | 4e89 0c02 | 0f84 3b00 | 0000 8b50 | 1444 8b48 

  0x000001ab476fdc0c: ;   {metadata(method data for {method} {0x000001ab5909b840} 'toString' '()Ljava/lang/String;' in 'java/lang/StringBuilder')}
  0x000001ab476fdc0c: 0c49 b850 | 093e 59ab | 0100 0049 | 8380 6801 | 0000 0141 | b800 0000 

  0x000001ab476fdc24: ;   {static_call}
  0x000001ab476fdc24: 0066 90e8 

  0x000001ab476fdc28: ; ImmutableOopMap {[152]=Oop [176]=Oop [144]=Oop [248]=Oop }
                      ;*invokestatic newString {reexecute=0 rethrow=0 return_oop=0}
                      ; - java.lang.StringBuilder::toString@16
                      ; - org.eclipse.osgi.internal.loader.BundleLoader::findClass0@290 (line 513)
  0x000001ab476fdc28: 543a 2807 

  0x000001ab476fdc2c: ;   {metadata(method data for {method} {0x000001ab5909b840} 'toString' '()Ljava/lang/String;' in 'java/lang/StringBuilder')}
  0x000001ab476fdc2c: 48ba 5009 | 3e59 ab01 | 0000 ff82 | 7801 0000 | e92b 0000 | 008b 5014 | 448b 480c 

  0x000001ab476fdc48: ;   {metadata(method data for {method} {0x000001ab5909b840} 'toString' '()Ljava/lang/String;' in 'java/lang/StringBuilder')}
  0x000001ab476fdc48: 49b8 5009 | 3e59 ab01 | 0000 4983 | 8090 0100 | 0001 41b8 | 0000 0000 | 0f1f 8000 

  0x000001ab476fdc64: ;   {static_call}
  0x000001ab476fdc64: 0000 00e8 

  0x000001ab476fdc68: ; ImmutableOopMap {[152]=Oop [176]=Oop [144]=Oop [248]=Oop }
                      ;*invokestatic newString {reexecute=0 rethrow=0 return_oop=0}
                      ; - java.lang.StringBuilder::toString@31
                      ; - org.eclipse.osgi.internal.loader.BundleLoader::findClass0@290 (line 513)
  0x000001ab476fdc68: 143a 2807 

  0x000001ab476fdc6c: ;   {metadata(method data for {method} {0x000001ab59a146d8} 'findClass0' '(Ljava/lang/String;ZZ)Ljava/lang/Class;' in 'org/eclipse/osgi/internal/loader/BundleLoader')}
  0x000001ab476fdc6c: 49b8 0080 | d559 ab01 | 0000 4983 | 8020 0800 

  0x000001ab476fdc7c: ;   {metadata(method data for {method} {0x000001ab59869db0} 'println' '(Ljava/lang/String;)V' in 'org/eclipse/osgi/internal/debug/Debug')}
  0x000001ab476fdc7c: 0001 49b8 | 2057 d059 | ab01 0000 | 418b 90cc | 0000 0083 | c202 4189 | 90cc 0000 | 0081 e2fe 
  0x000001ab476fdc9c: ff1f 0083 | fa00 0f84 | 0d14 0000 

  0x000001ab476fdca8: ;   {oop(a 'java/lang/Class'{0x00000000c0000128} = 'org/eclipse/osgi/internal/debug/Debug')}
  0x000001ab476fdca8: 49b8 2801 | 00c0 0000 | 0000 418b | 90d4 0000 | 0048 3b02 

  0x000001ab476fdcbc: ;   {metadata(method data for {method} {0x000001ab59869db0} 'println' '(Ljava/lang/String;)V' in 'org/eclipse/osgi/internal/debug/Debug')}
  0x000001ab476fdcbc: 4c8b c248 | be20 57d0 | 59ab 0100 

  0x000001ab476fdcc8: ;   {metadata('java/io/PrintStream')}
  0x000001ab476fdcc8: 0049 ba60 | 8906 0001 | 0000 004c | 8996 2001 | 0000 4883 | 8628 0100 | 0001 4c8b 

  0x000001ab476fdce4: ;   {optimized virtual_call}
  0x000001ab476fdce4: c066 90e8 

  0x000001ab476fdce8: ; ImmutableOopMap {[152]=Oop [176]=Oop [144]=Oop [248]=Oop }
                      ;*invokevirtual println {reexecute=0 rethrow=0 return_oop=0}
                      ; - org.eclipse.osgi.internal.debug.Debug::println@4 (line 358)
                      ; - org.eclipse.osgi.internal.loader.BundleLoader::findClass0@293 (line 513)
  0x000001ab476fdce8: 9433 2807 | 488b 8424 | f800 0000 

  0x000001ab476fdcf4: ; implicit exception: dispatches to 0x000001ab476ff0db
  0x000001ab476fdcf4: 483b 004c 

  0x000001ab476fdcf8: ;   {metadata(method data for {method} {0x000001ab59a146d8} 'findClass0' '(Ljava/lang/String;ZZ)Ljava/lang/Class;' in 'org/eclipse/osgi/internal/loader/BundleLoader')}
  0x000001ab476fdcf8: 8bc0 48ba | 0080 d559 | ab01 0000 | 458b 4008 | 49c1 e003 | 4c3b 8240 | 0800 0075 | 0d48 8382 
  0x000001ab476fdd18: 4808 0000 | 01e9 6600 | 0000 4c3b | 8250 0800 | 0075 0d48 | 8382 5808 | 0000 01e9 | 5000 0000 
  0x000001ab476fdd38: 4881 ba40 | 0800 0000 | 0000 0075 | 174c 8982 | 4008 0000 | 48c7 8248 | 0800 0001 | 0000 00e9 
  0x000001ab476fdd58: 2c00 0000 | 4881 ba50 | 0800 0000 | 0000 0075 | 174c 8982 | 5008 0000 | 48c7 8258 | 0800 0001 
  0x000001ab476fdd78: 0000 00e9 | 0800 0000 | 4883 8230 | 0800 0001 | 4c8b 8424 | 9800 0000 | 488b d066 | 9048 b8c0 
  0x000001ab476fdd98: ff6f 5eab 

  0x000001ab476fdd9c: ;   {virtual_call}
  0x000001ab476fdd9c: 0100 00e8 

  0x000001ab476fdda0: ; ImmutableOopMap {[152]=Oop [176]=Oop [144]=Oop [248]=Oop }
                      ;*invokevirtual loadClass {reexecute=0 rethrow=0 return_oop=0}
                      ; - org.eclipse.osgi.internal.loader.BundleLoader::findClass0@299 (line 516)
  0x000001ab476fdda0: 8485 2807 | 488b f048 

  0x000001ab476fdda8: ;   {metadata(method data for {method} {0x000001ab59a146d8} 'findClass0' '(Ljava/lang/String;ZZ)Ljava/lang/Class;' in 'org/eclipse/osgi/internal/loader/BundleLoader')}
  0x000001ab476fdda8: 83fe 0049 | b800 80d5 | 59ab 0100 | 0048 c7c2 | 6808 0000 | 0f85 0700 | 0000 48c7 | c278 0800 
  0x000001ab476fddc8: 0049 8b3c | 1048 8d7f | 0149 893c | 100f 85bc | 0000 0048 | 8b94 2490 

  0x000001ab476fdde0: ;   {metadata(method data for {method} {0x000001ab59a146d8} 'findClass0' '(Ljava/lang/String;ZZ)Ljava/lang/Class;' in 'org/eclipse/osgi/internal/loader/BundleLoader')}
  0x000001ab476fdde0: 0000 0049 | b800 80d5 | 59ab 0100 | 008b 5208 | 48c1 e203 | 493b 9098 | 0800 0075 | 0d49 8380 
  0x000001ab476fde00: a008 0000 | 01e9 6600 | 0000 493b | 90a8 0800 | 0075 0d49 | 8380 b008 | 0000 01e9 | 5000 0000 
  0x000001ab476fde20: 4981 b898 | 0800 0000 | 0000 0075 | 1749 8990 | 9808 0000 | 49c7 80a0 | 0800 0001 | 0000 00e9 
  0x000001ab476fde40: 2c00 0000 | 4981 b8a8 | 0800 0000 | 0000 0075 | 1749 8990 | a808 0000 | 49c7 80b0 | 0800 0001 
  0x000001ab476fde60: 0000 00e9 | 0800 0000 | 4983 8088 | 0800 0001 | 4c8b 8424 | 9800 0000 | 488b 9424 | 9000 0000 
  0x000001ab476fde80: 0f1f 4400 | 0048 b840 | f86f 5eab 

  0x000001ab476fde8c: ;   {virtual_call}
  0x000001ab476fde8c: 0100 00e8 

  0x000001ab476fde90: ; ImmutableOopMap {[152]=Oop [176]=Oop [144]=Oop [248]=Oop }
                      ;*invokevirtual findLocalClass {reexecute=0 rethrow=0 return_oop=0}
                      ; - org.eclipse.osgi.internal.loader.BundleLoader::findClass0@311 (line 520)
  0x000001ab476fde90: 9484 2807 | 488b f048 

  0x000001ab476fde98: ;   {metadata(method data for {method} {0x000001ab59a146d8} 'findClass0' '(Ljava/lang/String;ZZ)Ljava/lang/Class;' in 'org/eclipse/osgi/internal/loader/BundleLoader')}
  0x000001ab476fde98: 83fe 0049 | b800 80d5 | 59ab 0100 | 0048 c7c2 | d008 0000 | 0f85 0700 | 0000 48c7 | c2c0 0800 
  0x000001ab476fdeb8: 0049 8b3c | 1048 8d7f | 0149 893c | 100f 85f7 | 0700 0048 | 8b84 24f8 | 0000 0048 

  0x000001ab476fded4: ;   {metadata(method data for {method} {0x000001ab59a146d8} 'findClass0' '(Ljava/lang/String;ZZ)Ljava/lang/Class;' in 'org/eclipse/osgi/internal/loader/BundleLoader')}
  0x000001ab476fded4: 83f8 0049 | b800 80d5 | 59ab 0100 | 0048 c7c2 | e008 0000 | 0f85 0700 | 0000 48c7 | c2f0 0800 
  0x000001ab476fdef4: 0049 8b3c | 1048 8d7f | 0149 893c | 100f 8579 | 0000 0048 | 89b4 2400 | 0100 0048 | 8bb4 24b0 
  0x000001ab476fdf14: 0000 0048 | 8b94 2490 

  0x000001ab476fdf1c: ;   {metadata(method data for {method} {0x000001ab59a146d8} 'findClass0' '(Ljava/lang/String;ZZ)Ljava/lang/Class;' in 'org/eclipse/osgi/internal/loader/BundleLoader')}
  0x000001ab476fdf1c: 0000 0049 | b800 80d5 | 59ab 0100 | 0049 8380 | 0009 0000 | 014c 8bc6 | 488b 9424 | 9000 0000 
  0x000001ab476fdf3c: ;   {optimized virtual_call}
  0x000001ab476fdf3c: 6666 90e8 

  0x000001ab476fdf40: ; ImmutableOopMap {[152]=Oop [144]=Oop [256]=Oop }
                      ;*invokespecial findDynamicSource {reexecute=0 rethrow=0 return_oop=0}
                      ; - org.eclipse.osgi.internal.loader.BundleLoader::findClass0@332 (line 526)
  0x000001ab476fdf40: 3c31 2807 | 4883 f800 

  0x000001ab476fdf48: ;   {metadata(method data for {method} {0x000001ab59a146d8} 'findClass0' '(Ljava/lang/String;ZZ)Ljava/lang/Class;' in 'org/eclipse/osgi/internal/loader/BundleLoader')}
  0x000001ab476fdf48: 49b8 0080 | d559 ab01 | 0000 49c7 | c120 0900 | 000f 8507 | 0000 0049 | c7c1 1009 | 0000 4b8b 
  0x000001ab476fdf68: 1408 488d | 5201 4b89 | 1408 0f85 | 7301 0000 | 488b b424 | 0001 0000 | 4883 fe00 

  0x000001ab476fdf84: ;   {metadata(method data for {method} {0x000001ab59a146d8} 'findClass0' '(Ljava/lang/String;ZZ)Ljava/lang/Class;' in 'org/eclipse/osgi/internal/loader/BundleLoader')}
  0x000001ab476fdf84: 49b8 0080 | d559 ab01 | 0000 49c7 | c198 0900 | 000f 8507 | 0000 0049 | c7c1 a809 | 0000 4b8b 
  0x000001ab476fdfa4: 1408 488d | 5201 4b89 | 1408 0f85 | 5502 0000 | 4889 b424 | 0001 0000 | 488b 9424 | 9000 0000 
  0x000001ab476fdfc4: ;   {metadata(method data for {method} {0x000001ab59a146d8} 'findClass0' '(Ljava/lang/String;ZZ)Ljava/lang/Class;' in 'org/eclipse/osgi/internal/loader/BundleLoader')}
  0x000001ab476fdfc4: 49b8 0080 | d559 ab01 | 0000 4983 | 80b8 0900 | 0001 4c8b | 8424 9800 | 0000 41b9 | 0200 0000 
  0x000001ab476fdfe4: 488b 9424 | 9000 0000 

  0x000001ab476fdfec: ;   {optimized virtual_call}
  0x000001ab476fdfec: 6666 90e8 

  0x000001ab476fdff0: ; ImmutableOopMap {[152]=Oop [144]=Oop [256]=Oop }
                      ;*invokespecial searchHooks {reexecute=0 rethrow=0 return_oop=0}
                      ; - org.eclipse.osgi.internal.loader.BundleLoader::findClass0@373 (line 537)
  0x000001ab476fdff0: 8c30 2807 | 4883 f800 

  0x000001ab476fdff8: ;   {metadata(method data for {method} {0x000001ab59a146d8} 'findClass0' '(Ljava/lang/String;ZZ)Ljava/lang/Class;' in 'org/eclipse/osgi/internal/loader/BundleLoader')}
  0x000001ab476fdff8: 7516 48be | 0080 d559 | ab01 0000 | 808e c109 | 0000 01e9 | c000 0000 

  0x000001ab476fe010: ;   {metadata('java/lang/Class')}
  0x000001ab476fe010: 48bf c827 | 0400 0100 | 0000 8b50 | 0848 c1e2 | 0348 3bfa | 0f85 8a00 

  0x000001ab476fe028: ;   {metadata(method data for {method} {0x000001ab59a146d8} 'findClass0' '(Ljava/lang/String;ZZ)Ljava/lang/Class;' in 'org/eclipse/osgi/internal/loader/BundleLoader')}
  0x000001ab476fe028: 0000 48be | 0080 d559 | ab01 0000 | 8b78 0848 | c1e7 0348 | 3bbe d809 | 0000 750d | 4883 86e0 
  0x000001ab476fe048: 0900 0001 | e97f 0000 | 0048 3bbe | e809 0000 | 750d 4883 | 86f0 0900 | 0001 e969 | 0000 0048 
  0x000001ab476fe068: 81be d809 | 0000 0000 | 0000 7517 | 4889 bed8 | 0900 0048 | c786 e009 | 0000 0100 | 0000 e945 
  0x000001ab476fe088: 0000 0048 | 81be e809 | 0000 0000 | 0000 7517 | 4889 bee8 | 0900 0048 | c786 f009 | 0000 0100 
  0x000001ab476fe0a8: 0000 e921 | 0000 00e9 | 1c00 0000 

  0x000001ab476fe0b4: ;   {metadata(method data for {method} {0x000001ab59a146d8} 'findClass0' '(Ljava/lang/String;ZZ)Ljava/lang/Class;' in 'org/eclipse/osgi/internal/loader/BundleLoader')}
  0x000001ab476fe0b4: 48be 0080 | d559 ab01 | 0000 4883 | aec8 0900 | 0001 e915 | 1000 00e9 | 0000 0000 

  0x000001ab476fe0d0: ;   {metadata(method data for {method} {0x000001ab59a146d8} 'findClass0' '(Ljava/lang/String;ZZ)Ljava/lang/Class;' in 'org/eclipse/osgi/internal/loader/BundleLoader')}
  0x000001ab476fe0d0: 4c8b c048 | ba00 80d5 | 59ab 0100 | 00ff 8200 | 0a00 0049 | 8bf0 e91e | 0100 0048 | 3b00 4c8b 
  0x000001ab476fe0f0: ;   {metadata(method data for {method} {0x000001ab59a146d8} 'findClass0' '(Ljava/lang/String;ZZ)Ljava/lang/Class;' in 'org/eclipse/osgi/internal/loader/BundleLoader')}
  0x000001ab476fe0f0: c048 ba00 | 80d5 59ab | 0100 0045 | 8b40 0849 | c1e0 034c | 3b82 4009 | 0000 750d | 4883 8248 
  0x000001ab476fe110: 0900 0001 | e966 0000 | 004c 3b82 | 5009 0000 | 750d 4883 | 8258 0900 | 0001 e950 | 0000 0048 
  0x000001ab476fe130: 81ba 4009 | 0000 0000 | 0000 7517 | 4c89 8240 | 0900 0048 | c782 4809 | 0000 0100 | 0000 e92c 
  0x000001ab476fe150: 0000 0048 | 81ba 5009 | 0000 0000 | 0000 7517 | 4c89 8250 | 0900 0048 | c782 5809 | 0000 0100 
  0x000001ab476fe170: 0000 e908 | 0000 0048 | 8382 3009 | 0000 014c | 8b84 2498 | 0000 0048 | 8bd0 6666 | 9048 b8ff 
  0x000001ab476fe190: ffff ffff 

  0x000001ab476fe194: ;   {virtual_call}
  0x000001ab476fe194: ffff ffe8 

  0x000001ab476fe198: ; ImmutableOopMap {[152]=Oop [144]=Oop }
                      ;*invokevirtual loadClass {reexecute=0 rethrow=0 return_oop=0}
                      ; - org.eclipse.osgi.internal.loader.BundleLoader::findClass0@345 (line 528)
  0x000001ab476fe198: e431 2807 | 4883 f800 

  0x000001ab476fe1a0: ;   {metadata(method data for {method} {0x000001ab59a146d8} 'findClass0' '(Ljava/lang/String;ZZ)Ljava/lang/Class;' in 'org/eclipse/osgi/internal/loader/BundleLoader')}
  0x000001ab476fe1a0: 49b8 0080 | d559 ab01 | 0000 48c7 | c268 0900 | 000f 8407 | 0000 0048 | c7c2 7809 | 0000 498b 
  0x000001ab476fe1c0: 3410 488d | 7601 4989 | 3410 0f84 | a104 0000 | 4881 c420 | 0100 005d 

  0x000001ab476fe1d8: ;   {poll_return}
  0x000001ab476fe1d8: 493b a750 | 0300 000f | 8709 0f00 | 00c3 498b | 87e0 0300 | 004d 33d2 | 4d89 97e0 | 0300 004d 
  0x000001ab476fe1f8: 33d2 4d89 | 97e8 0300 | 0048 8bb4 | 2400 0100 | 0048 83fe 

  0x000001ab476fe20c: ;   {metadata(method data for {method} {0x000001ab59a146d8} 'findClass0' '(Ljava/lang/String;ZZ)Ljava/lang/Class;' in 'org/eclipse/osgi/internal/loader/BundleLoader')}
  0x000001ab476fe20c: 0049 b800 | 80d5 59ab | 0100 0048 | c7c2 180a | 0000 0f85 | 0700 0000 | 48c7 c228 | 0a00 0049 
  0x000001ab476fe22c: 8b3c 1048 | 8d7f 0149 | 893c 100f | 8562 0000 | 0048 8b94 | 2490 0000 | 008b 7a1c | 4883 ff00 
  0x000001ab476fe24c: ;   {metadata(method data for {method} {0x000001ab59a146d8} 'findClass0' '(Ljava/lang/String;ZZ)Ljava/lang/Class;' in 'org/eclipse/osgi/internal/loader/BundleLoader')}
  0x000001ab476fe24c: 49b8 0080 | d559 ab01 | 0000 48c7 | c338 0a00 | 000f 8407 | 0000 0048 | c7c3 480a | 0000 498b 
  0x000001ab476fe26c: 0418 488d | 4001 4989 | 0418 0f84 | 2300 0000 | 4c8b 8424 | 9800 0000 | 488b d766 | 0f1f 4400 
  0x000001ab476fe28c: 0048 b8ff | ffff ffff 

  0x000001ab476fe294: ;   {virtual_call}
  0x000001ab476fe294: ffff ffe8 

  0x000001ab476fe298: ; ImmutableOopMap {[152]=Oop [144]=Oop }
                      ;*invokevirtual doBuddyClassLoading {reexecute=0 rethrow=0 return_oop=0}
                      ; - org.eclipse.osgi.internal.loader.BundleLoader::findClass0@403 (line 543)
  0x000001ab476fe298: e430 2807 | 488b f048 

  0x000001ab476fe2a0: ;   {metadata(method data for {method} {0x000001ab59a146d8} 'findClass0' '(Ljava/lang/String;ZZ)Ljava/lang/Class;' in 'org/eclipse/osgi/internal/loader/BundleLoader')}
  0x000001ab476fe2a0: 83fe 0048 | ba00 80d5 | 59ab 0100 | 0048 c7c7 | a00a 0000 | 0f85 0700 | 0000 48c7 | c790 0a00 
  0x000001ab476fe2c0: 0048 8b1c | 3a48 8d5b | 0148 891c | 3a0f 856f | 0300 0044 | 8b8c 24a0 | 0000 0041 

  0x000001ab476fe2dc: ;   {metadata(method data for {method} {0x000001ab59a146d8} 'findClass0' '(Ljava/lang/String;ZZ)Ljava/lang/Class;' in 'org/eclipse/osgi/internal/loader/BundleLoader')}
  0x000001ab476fe2dc: 83f9 0048 | ba00 80d5 | 59ab 0100 | 0048 c7c6 | c00a 0000 | 0f85 0700 | 0000 48c7 | c6b0 0a00 
  0x000001ab476fe2fc: 0048 8b3c | 3248 8d7f | 0148 893c | 320f 851c | 0000 008b | bc24 a400 | 0000 4c8b | 8424 9800 
  0x000001ab476fe31c: 0000 488b | 9424 9000 | 0000 e901 | 0600 0048 | 8b94 2490 | 0000 008b | 7248 4883 

  0x000001ab476fe338: ;   {metadata(method data for {method} {0x000001ab59a146d8} 'findClass0' '(Ljava/lang/String;ZZ)Ljava/lang/Class;' in 'org/eclipse/osgi/internal/loader/BundleLoader')}
  0x000001ab476fe338: fe00 48be | 0080 d559 | ab01 0000 | 48c7 c7e0 | 0a00 000f | 8507 0000 | 0048 c7c7 | d00a 0000 
  0x000001ab476fe358: 488b 1c3e | 488d 5b01 | 4889 1c3e | 0f85 1400 | 0000 8bbc | 24a4 0000 | 004c 8b84 | 2498 0000 
  0x000001ab476fe378: 00e9 ae05 | 0000 8bbc | 24b8 0000 | 0083 ff00 

  0x000001ab476fe388: ;   {metadata(method data for {method} {0x000001ab59a146d8} 'findClass0' '(Ljava/lang/String;ZZ)Ljava/lang/Class;' in 'org/eclipse/osgi/internal/loader/BundleLoader')}
  0x000001ab476fe388: 48be 0080 | d559 ab01 | 0000 48c7 | c700 0b00 | 000f 8407 | 0000 0048 | c7c7 f00a | 0000 488b 
  0x000001ab476fe3a8: 1c3e 488d | 5b01 4889 | 1c3e 0f84 | 1400 0000 | 8bbc 24a4 | 0000 004c | 8b84 2498 | 0000 00e9 
  0x000001ab476fe3c8: 6005 0000 | 8b72 1448 | 3b06 488b 

  0x000001ab476fe3d4: ;   {metadata(method data for {method} {0x000001ab59a146d8} 'findClass0' '(Ljava/lang/String;ZZ)Ljava/lang/Class;' in 'org/eclipse/osgi/internal/loader/BundleLoader')}
  0x000001ab476fe3d4: fe48 bb00 | 80d5 59ab 

  0x000001ab476fe3dc: ;   {metadata('org/eclipse/osgi/internal/framework/EquinoxContainer')}
  0x000001ab476fe3dc: 0100 0049 | ba00 c00c | 0001 0000 | 004c 8993 | 200b 0000 | 4883 8328 | 0b00 0001 | 8b76 140f 
  0x000001ab476fe3fc: be76 1e83 

  0x000001ab476fe400: ;   {metadata(method data for {method} {0x000001ab59a146d8} 'findClass0' '(Ljava/lang/String;ZZ)Ljava/lang/Class;' in 'org/eclipse/osgi/internal/loader/BundleLoader')}
  0x000001ab476fe400: fe00 48be | 0080 d559 | ab01 0000 | 48c7 c748 | 0b00 000f | 8507 0000 | 0048 c7c7 | 580b 0000 
  0x000001ab476fe420: 488b 1c3e | 488d 5b01 | 4889 1c3e | 0f85 7e00 | 0000 488b 

  0x000001ab476fe434: ;   {metadata(method data for {method} {0x000001ab59a146d8} 'findClass0' '(Ljava/lang/String;ZZ)Ljava/lang/Class;' in 'org/eclipse/osgi/internal/loader/BundleLoader')}
  0x000001ab476fe434: f248 bf00 | 80d5 59ab | 0100 0048 | 8387 680b | 0000 0148 | 8bf2 488b 

  0x000001ab476fe44c: ;   {optimized virtual_call}
  0x000001ab476fe44c: d666 90e8 

  0x000001ab476fe450: ; ImmutableOopMap {[152]=Oop [144]=Oop }
                      ;*invokespecial isRequestFromVM {reexecute=0 rethrow=0 return_oop=0}
                      ; - org.eclipse.osgi.internal.loader.BundleLoader::findClass0@446 (line 549)
  0x000001ab476fe450: 2c2c 2807 

  0x000001ab476fe454: ;   {metadata(method data for {method} {0x000001ab59a146d8} 'findClass0' '(Ljava/lang/String;ZZ)Ljava/lang/Class;' in 'org/eclipse/osgi/internal/loader/BundleLoader')}
  0x000001ab476fe454: 83f8 0049 | b800 80d5 | 59ab 0100 | 0049 c7c1 | 780b 0000 | 0f84 0700 | 0000 49c7 | c188 0b00 
  0x000001ab476fe474: 004b 8b14 | 0848 8d52 | 014b 8914 | 080f 840d | 0000 0048 | 8b94 2490 | 0000 00e9 | 1c00 0000 
  0x000001ab476fe494: 8bbc 24a4 | 0000 004c | 8b84 2498 | 0000 0048 | 8b94 2490 | 0000 00e9 | 7c04 0000 | 8b72 4848 
  0x000001ab476fe4b4: 3b06 4c8b 

  0x000001ab476fe4b8: ;   {metadata(method data for {method} {0x000001ab59a146d8} 'findClass0' '(Ljava/lang/String;ZZ)Ljava/lang/Class;' in 'org/eclipse/osgi/internal/loader/BundleLoader')}
  0x000001ab476fe4b8: c649 b900 | 80d5 59ab | 0100 0045 | 8b40 0849 | c1e0 034d | 3b81 a80b | 0000 750d | 4983 81b0 
  0x000001ab476fe4d8: 0b00 0001 | e966 0000 | 004d 3b81 | b80b 0000 | 750d 4983 | 81c0 0b00 | 0001 e950 | 0000 0049 
  0x000001ab476fe4f8: 81b9 a80b | 0000 0000 | 0000 7517 | 4d89 81a8 | 0b00 0049 | c781 b00b | 0000 0100 | 0000 e92c 
  0x000001ab476fe518: 0000 0049 | 81b9 b80b | 0000 0000 | 0000 7517 | 4d89 81b8 | 0b00 0049 | c781 c00b | 0000 0100 
  0x000001ab476fe538: 0000 e908 | 0000 0049 | 8381 980b 

  0x000001ab476fe544: ;   {metadata(method data for {method} {0x000001ab5901d378} 'loadClass' '(Ljava/lang/String;)Ljava/lang/Class;' in 'java/lang/ClassLoader')}
  0x000001ab476fe544: 0000 0149 | b878 9996 | 59ab 0100 | 0045 8b88 | cc00 0000 | 4183 c102 | 4589 88cc | 0000 0041 
  0x000001ab476fe564: 81e1 feff | 1f00 4183 | f900 0f84 | 9f0b 0000 

  0x000001ab476fe574: ;   {metadata(method data for {method} {0x000001ab5901d378} 'loadClass' '(Ljava/lang/String;)Ljava/lang/Class;' in 'java/lang/ClassLoader')}
  0x000001ab476fe574: 4c8b c649 | b978 9996 | 59ab 0100 | 0045 8b40 | 0849 c1e0 | 034d 3b81 | 2001 0000 | 750d 4983 
  0x000001ab476fe594: 8128 0100 | 0001 e966 | 0000 004d | 3b81 3001 | 0000 750d | 4983 8138 | 0100 0001 | e950 0000 
  0x000001ab476fe5b4: 0049 81b9 | 2001 0000 | 0000 0000 | 7517 4d89 | 8120 0100 | 0049 c781 | 2801 0000 | 0100 0000 
  0x000001ab476fe5d4: e92c 0000 | 0049 81b9 | 3001 0000 | 0000 0000 | 7517 4d89 | 8130 0100 | 0049 c781 | 3801 0000 
  0x000001ab476fe5f4: 0100 0000 | e908 0000 | 0049 8381 | 1001 0000 | 014c 8b84 | 2498 0000 | 0041 b900 | 0000 0048 
  0x000001ab476fe614: 8bd6 0f1f | 8000 0000 | 0048 b8ff | ffff ffff 

  0x000001ab476fe624: ;   {virtual_call}
  0x000001ab476fe624: ffff ffe8 

  0x000001ab476fe628: ; ImmutableOopMap {[152]=Oop [144]=Oop }
                      ;*invokevirtual loadClass {reexecute=0 rethrow=0 return_oop=0}
                      ; - java.lang.ClassLoader::loadClass@3
                      ; - org.eclipse.osgi.internal.loader.BundleLoader::findClass0@457 (line 552)
  0x000001ab476fe628: 542d 2807 | 4881 c420 | 0100 005d 

  0x000001ab476fe634: ;   {poll_return}
  0x000001ab476fe634: 493b a750 | 0300 000f | 87f3 0a00 | 00c3 488b | c648 81c4 | 2001 0000 

  0x000001ab476fe64c: ;   {poll_return}
  0x000001ab476fe64c: 5d49 3ba7 | 5003 0000 | 0f87 f00a | 0000 c348 | 81c4 2001 

  0x000001ab476fe660: ;   {poll_return}
  0x000001ab476fe660: 0000 5d49 | 3ba7 5003 | 0000 0f87 | f00a 0000 | c348 8b94 | 2490 0000 

  0x000001ab476fe678: ;   {metadata(method data for {method} {0x000001ab59a146d8} 'findClass0' '(Ljava/lang/String;ZZ)Ljava/lang/Class;' in 'org/eclipse/osgi/internal/loader/BundleLoader')}
  0x000001ab476fe678: 0049 b800 | 80d5 59ab | 0100 0049 | 8380 8809 | 0000 014c | 8b84 2498 | 0000 0044 | 8b8c 24a4 
  0x000001ab476fe698: 0000 0048 | 8b94 2490 | 0000 000f 

  0x000001ab476fe6a4: ;   {optimized virtual_call}
  0x000001ab476fe6a4: 1f40 00e8 

  0x000001ab476fe6a8: ; ImmutableOopMap {}
                      ;*invokespecial generateException {reexecute=0 rethrow=0 return_oop=0}
                      ; - org.eclipse.osgi.internal.loader.BundleLoader::findClass0@361 (line 531)
  0x000001ab476fe6a8: d429 2807 | 4881 c420 | 0100 005d 

  0x000001ab476fe6b4: ;   {poll_return}
  0x000001ab476fe6b4: 493b a750 | 0300 000f | 87b5 0a00 | 00c3 488b | c648 81c4 | 2001 0000 

  0x000001ab476fe6cc: ;   {poll_return}
  0x000001ab476fe6cc: 5d49 3ba7 | 5003 0000 | 0f87 b20a | 0000 c348 | 81c4 2001 

  0x000001ab476fe6e0: ;   {poll_return}
  0x000001ab476fe6e0: 0000 5d49 | 3ba7 5003 | 0000 0f87 | b20a 0000 | c348 8b94 | 2490 0000 

  0x000001ab476fe6f8: ;   {metadata(method data for {method} {0x000001ab59a146d8} 'findClass0' '(Ljava/lang/String;ZZ)Ljava/lang/Class;' in 'org/eclipse/osgi/internal/loader/BundleLoader')}
  0x000001ab476fe6f8: 0049 b800 | 80d5 59ab | 0100 0049 | 8380 d006 | 0000 014c | 8b84 2498 | 0000 0044 | 8b8c 24a4 
  0x000001ab476fe718: 0000 0048 | 8b94 2490 | 0000 000f 

  0x000001ab476fe724: ;   {optimized virtual_call}
  0x000001ab476fe724: 1f40 00e8 

  0x000001ab476fe728: ; ImmutableOopMap {}
                      ;*invokespecial generateException {reexecute=0 rethrow=0 return_oop=0}
                      ; - org.eclipse.osgi.internal.loader.BundleLoader::findClass0@237 (line 507)
  0x000001ab476fe728: 5429 2807 | 4881 c420 | 0100 005d 

  0x000001ab476fe734: ;   {poll_return}
  0x000001ab476fe734: 493b a750 | 0300 000f | 8777 0a00 | 00c3 4881 | c420 0100 

  0x000001ab476fe748: ;   {poll_return}
  0x000001ab476fe748: 005d 493b | a750 0300 | 000f 8777 | 0a00 00c3 | 4881 c420 | 0100 005d 

  0x000001ab476fe760: ;   {poll_return}
  0x000001ab476fe760: 493b a750 | 0300 000f | 8777 0a00 | 00c3 8b52 | 4848 3b02 

  0x000001ab476fe774: ;   {metadata(method data for {method} {0x000001ab59a146d8} 'findClass0' '(Ljava/lang/String;ZZ)Ljava/lang/Class;' in 'org/eclipse/osgi/internal/loader/BundleLoader')}
  0x000001ab476fe774: 4c8b c249 | b900 80d5 | 59ab 0100 | 0045 8b40 | 0849 c1e0 | 034d 3b81 | b801 0000 | 750d 4983 
  0x000001ab476fe794: 81c0 0100 | 0001 e966 | 0000 004d | 3b81 c801 | 0000 750d | 4983 81d0 | 0100 0001 | e950 0000 
  0x000001ab476fe7b4: 0049 81b9 | b801 0000 | 0000 0000 | 7517 4d89 | 81b8 0100 | 0049 c781 | c001 0000 | 0100 0000 
  0x000001ab476fe7d4: e92c 0000 | 0049 81b9 | c801 0000 | 0000 0000 | 7517 4d89 | 81c8 0100 | 0049 c781 | d001 0000 
  0x000001ab476fe7f4: 0100 0000 | e908 0000 | 0049 8381 | a801 0000 

  0x000001ab476fe804: ;   {metadata(method data for {method} {0x000001ab5901d378} 'loadClass' '(Ljava/lang/String;)Ljava/lang/Class;' in 'java/lang/ClassLoader')}
  0x000001ab476fe804: 0149 b878 | 9996 59ab | 0100 0045 | 8b88 cc00 | 0000 4183 | c102 4589 | 88cc 0000 | 0041 81e1 
  0x000001ab476fe824: feff 1f00 | 4183 f900 | 0f84 cd09 | 0000 4c8b 

  0x000001ab476fe834: ;   {metadata(method data for {method} {0x000001ab5901d378} 'loadClass' '(Ljava/lang/String;)Ljava/lang/Class;' in 'java/lang/ClassLoader')}
  0x000001ab476fe834: c249 b978 | 9996 59ab | 0100 0045 | 8b40 0849 | c1e0 034d | 3b81 2001 | 0000 750d | 4983 8128 
  0x000001ab476fe854: 0100 0001 | e966 0000 | 004d 3b81 | 3001 0000 | 750d 4983 | 8138 0100 | 0001 e950 | 0000 0049 
  0x000001ab476fe874: 81b9 2001 | 0000 0000 | 0000 7517 | 4d89 8120 | 0100 0049 | c781 2801 | 0000 0100 | 0000 e92c 
  0x000001ab476fe894: 0000 0049 | 81b9 3001 | 0000 0000 | 0000 7517 | 4d89 8130 | 0100 0049 | c781 3801 | 0000 0100 
  0x000001ab476fe8b4: 0000 e908 | 0000 0049 | 8381 1001 | 0000 014c | 8b84 2498 | 0000 0041 | b900 0000 | 000f 1f40 
  0x000001ab476fe8d4: 0048 b830 | 1805 0001 

  0x000001ab476fe8dc: ;   {virtual_call}
  0x000001ab476fe8dc: 0000 00e8 

  0x000001ab476fe8e0: ; ImmutableOopMap {}
                      ;*invokevirtual loadClass {reexecute=0 rethrow=0 return_oop=0}
                      ; - java.lang.ClassLoader::loadClass@3
                      ; - org.eclipse.osgi.internal.loader.BundleLoader::findClass0@25 (line 465)
  0x000001ab476fe8e0: dcff e4ff | 4881 c420 | 0100 005d 

  0x000001ab476fe8ec: ;   {poll_return}
  0x000001ab476fe8ec: 493b a750 | 0300 000f | 8727 0900 | 00c3 488b | 9424 9000 | 0000 498b | 87e0 0300 | 004d 33d2 
  0x000001ab476fe90c: 4d89 97e0 | 0300 004d | 33d2 4d89 | 97e8 0300 | 008b bc24 | a400 0000 | 4c8b 8424 | 9800 0000 
  0x000001ab476fe92c: ;   {metadata(method data for {method} {0x000001ab59a146d8} 'findClass0' '(Ljava/lang/String;ZZ)Ljava/lang/Class;' in 'org/eclipse/osgi/internal/loader/BundleLoader')}
  0x000001ab476fe92c: 4c8b ca48 | be00 80d5 | 59ab 0100 | 0048 8386 | d00b 0000 | 014c 8bcf 

  0x000001ab476fe944: ;   {optimized virtual_call}
  0x000001ab476fe944: 6666 90e8 

  0x000001ab476fe948: ; ImmutableOopMap {}
                      ;*invokespecial generateException {reexecute=0 rethrow=0 return_oop=0}
                      ; - org.eclipse.osgi.internal.loader.BundleLoader::findClass0@466 (line 557)
  0x000001ab476fe948: 3427 2807 | 4881 c420 | 0100 005d 

  0x000001ab476fe954: ;   {poll_return}
  0x000001ab476fe954: 493b a750 | 0300 000f | 87d5 0800 | 00c3 498b | 87e0 0300 | 004d 33d2 | 4d89 97e0 | 0300 004d 
  0x000001ab476fe974: 33d2 4d89 | 97e8 0300 | 0048 8bf0 | 488d 8424 | 0801 0000 | 488b 3848 | 85ff 0f84 | 0f00 0000 
  0x000001ab476fe994: 488b 5808 | f048 0fb1 | 3b0f 85a9 | 0800 0048 | 8bc6 e9ec | 0800 0049 | 8b87 e003 | 0000 4d33 
  0x000001ab476fe9b4: d24d 8997 | e003 0000 | 4d33 d24d | 8997 e803 | 0000 488b | f048 8d84 | 2408 0100 | 0048 8b38 
  0x000001ab476fe9d4: 4885 ff0f | 840f 0000 | 0048 8b58 | 08f0 480f | b13b 0f85 | 7608 0000 | 488b c6e9 | a308 0000 
  0x000001ab476fe9f4: ;   {metadata({method} {0x000001ab59a146d8} 'findClass0' '(Ljava/lang/String;ZZ)Ljava/lang/Class;' in 'org/eclipse/osgi/internal/loader/BundleLoader')}
  0x000001ab476fe9f4: 49ba d046 | a159 ab01 | 0000 4c89 | 5424 0848 | c704 24ff 

  0x000001ab476fea08: ;   {runtime_call counter_overflow Runtime1 stub}
  0x000001ab476fea08: ffff ffe8 

  0x000001ab476fea0c: ; ImmutableOopMap {rdx=Oop [144]=Oop r8=Oop [152]=Oop }
                      ;*synchronization entry
                      ; - org.eclipse.osgi.internal.loader.BundleLoader::findClass0@-1 (line 461)
  0x000001ab476fea0c: f0bc 3207 | e9da ceff 

  0x000001ab476fea14: ;   {runtime_call throw_null_pointer_exception Runtime1 stub}
  0x000001ab476fea14: ffe8 868c 

  0x000001ab476fea18: ; ImmutableOopMap {r8=Oop [152]=Oop [144]=Oop }
                      ;*invokevirtual startsWith {reexecute=0 rethrow=0 return_oop=0}
                      ; - org.eclipse.osgi.internal.loader.BundleLoader::findClass0@14 (line 461)
                      ;   {metadata({method} {0x000001ab59009198} 'startsWith' '(Ljava/lang/String;)Z' in 'java/lang/String')}
  0x000001ab476fea18: 2907 49ba | 9091 0059 | ab01 0000 | 4c89 5424 | 0848 c704 | 24ff ffff 

  0x000001ab476fea30: ;   {runtime_call counter_overflow Runtime1 stub}
  0x000001ab476fea30: ffe8 cabc 

  0x000001ab476fea34: ; ImmutableOopMap {r8=Oop [152]=Oop [144]=Oop }
                      ;*synchronization entry
                      ; - java.lang.String::startsWith@-1
                      ; - org.eclipse.osgi.internal.loader.BundleLoader::findClass0@14 (line 461)
  0x000001ab476fea34: 3207 e972 

  0x000001ab476fea38: ;   {runtime_call throw_null_pointer_exception Runtime1 stub}
  0x000001ab476fea38: cfff ffe8 

  0x000001ab476fea3c: ; ImmutableOopMap {[152]=Oop rdx=Oop [144]=Oop }
                      ;*getfield DEBUG_LOADER {reexecute=1 rethrow=0 return_oop=0}
                      ; - (reexecute) org.eclipse.osgi.internal.loader.BundleLoader::findClass0@33 (line 468)
  0x000001ab476fea3c: 608c 2907 

  0x000001ab476fea40: ;   {metadata(NULL)}
  0x000001ab476fea40: 48ba 0000 | 0000 0000 | 0000 b800 

  0x000001ab476fea4c: ;   {runtime_call load_klass_patching Runtime1 stub}
  0x000001ab476fea4c: 0f05 0ae8 

  0x000001ab476fea50: ; ImmutableOopMap {[152]=Oop [144]=Oop }
                      ;*new {reexecute=1 rethrow=0 return_oop=0}
                      ; - (reexecute) org.eclipse.osgi.internal.loader.BundleLoader::findClass0@39 (line 469)
  0x000001ab476fea50: 2cac 3207 | e907 d0ff | ff48 8bd2 

  0x000001ab476fea5c: ;   {runtime_call fast_new_instance Runtime1 stub}
  0x000001ab476fea5c: e81f 8329 

  0x000001ab476fea60: ; ImmutableOopMap {[152]=Oop [144]=Oop }
                      ;*new {reexecute=0 rethrow=0 return_oop=0}
                      ; - org.eclipse.osgi.internal.loader.BundleLoader::findClass0@39 (line 469)
  0x000001ab476fea60: 07e9 41d0 

  0x000001ab476fea64: ;   {metadata({method} {0x000001ab5909a268} '<init>' '(Ljava/lang/String;)V' in 'java/lang/StringBuilder')}
  0x000001ab476fea64: ffff 49ba | 60a2 0959 | ab01 0000 | 4c89 5424 | 0848 c704 | 24ff ffff 

  0x000001ab476fea7c: ;   {runtime_call counter_overflow Runtime1 stub}
  0x000001ab476fea7c: ffe8 7ebc 

  0x000001ab476fea80: ; ImmutableOopMap {[152]=Oop [144]=Oop rax=Oop }
                      ;*synchronization entry
                      ; - java.lang.StringBuilder::<init>@-1
                      ; - org.eclipse.osgi.internal.loader.BundleLoader::findClass0@46 (line 469)
  0x000001ab476fea80: 3207 e95f 

  0x000001ab476fea84: ;   {metadata({method} {0x000001ab5909a430} 'append' '(Ljava/lang/Object;)Ljava/lang/StringBuilder;' in 'java/lang/StringBuilder')}
  0x000001ab476fea84: d0ff ff49 | ba28 a409 | 59ab 0100 | 004c 8954 | 2408 48c7 | 0424 ffff 

  0x000001ab476fea9c: ;   {runtime_call counter_overflow Runtime1 stub}
  0x000001ab476fea9c: ffff e85d 

  0x000001ab476feaa0: ; ImmutableOopMap {[152]=Oop [144]=Oop [168]=Oop }
                      ;*synchronization entry
                      ; - java.lang.StringBuilder::append@-1
                      ; - org.eclipse.osgi.internal.loader.BundleLoader::findClass0@50 (line 469)
  0x000001ab476feaa0: bc32 07e9 | b6d0 ffff 

  0x000001ab476feaa8: ;   {metadata({method} {0x000001ab5900b988} 'valueOf' '(Ljava/lang/Object;)Ljava/lang/String;' in 'java/lang/String')}
  0x000001ab476feaa8: 49ba 80b9 | 0059 ab01 | 0000 4c89 | 5424 0848 | c704 24ff 

  0x000001ab476feabc: ;   {runtime_call counter_overflow Runtime1 stub}
  0x000001ab476feabc: ffff ffe8 

  0x000001ab476feac0: ; ImmutableOopMap {[152]=Oop [144]=Oop [168]=Oop }
                      ;*synchronization entry
                      ; - java.lang.String::valueOf@-1
                      ; - java.lang.StringBuilder::append@2
                      ; - org.eclipse.osgi.internal.loader.BundleLoader::findClass0@50 (line 469)
  0x000001ab476feac0: 3cbc 3207 | e9cf d0ff 

  0x000001ab476feac8: ;   {metadata({method} {0x000001ab5909a4c8} 'append' '(Ljava/lang/String;)Ljava/lang/StringBuilder;' in 'java/lang/StringBuilder')}
  0x000001ab476feac8: ff49 bac0 | a409 59ab | 0100 004c | 8954 2408 | 48c7 0424 | ffff ffff 

  0x000001ab476feae0: ;   {runtime_call counter_overflow Runtime1 stub}
  0x000001ab476feae0: e81b bc32 

  0x000001ab476feae4: ; ImmutableOopMap {[152]=Oop [144]=Oop [168]=Oop rax=Oop }
                      ;*synchronization entry
                      ; - java.lang.StringBuilder::append@-1
                      ; - java.lang.StringBuilder::append@5
                      ; - org.eclipse.osgi.internal.loader.BundleLoader::findClass0@50 (line 469)
  0x000001ab476feae4: 07e9 a6d1 

  0x000001ab476feae8: ;   {metadata({method} {0x000001ab5909a4c8} 'append' '(Ljava/lang/String;)Ljava/lang/StringBuilder;' in 'java/lang/StringBuilder')}
  0x000001ab476feae8: ffff 49ba | c0a4 0959 | ab01 0000 | 4c89 5424 | 0848 c704 | 24ff ffff 

  0x000001ab476feb00: ;   {runtime_call counter_overflow Runtime1 stub}
  0x000001ab476feb00: ffe8 fabb 

  0x000001ab476feb04: ; ImmutableOopMap {[152]=Oop [144]=Oop [168]=Oop }
                      ;*synchronization entry
                      ; - java.lang.StringBuilder::append@-1
                      ; - org.eclipse.osgi.internal.loader.BundleLoader::findClass0@56 (line 469)
  0x000001ab476feb04: 3207 e9f5 

  0x000001ab476feb08: ;   {metadata({method} {0x000001ab5909a4c8} 'append' '(Ljava/lang/String;)Ljava/lang/StringBuilder;' in 'java/lang/StringBuilder')}
  0x000001ab476feb08: d1ff ff49 | bac0 a409 | 59ab 0100 | 004c 8954 | 2408 48c7 | 0424 ffff 

  0x000001ab476feb20: ;   {runtime_call counter_overflow Runtime1 stub}
  0x000001ab476feb20: ffff e8d9 

  0x000001ab476feb24: ; ImmutableOopMap {[152]=Oop [144]=Oop [168]=Oop }
                      ;*synchronization entry
                      ; - java.lang.StringBuilder::append@-1
                      ; - org.eclipse.osgi.internal.loader.BundleLoader::findClass0@60 (line 469)
  0x000001ab476feb24: bb32 07e9 | 4cd2 ffff 

  0x000001ab476feb2c: ;   {metadata({method} {0x000001ab5909a4c8} 'append' '(Ljava/lang/String;)Ljava/lang/StringBuilder;' in 'java/lang/StringBuilder')}
  0x000001ab476feb2c: 49ba c0a4 | 0959 ab01 | 0000 4c89 | 5424 0848 | c704 24ff 

  0x000001ab476feb40: ;   {runtime_call counter_overflow Runtime1 stub}
  0x000001ab476feb40: ffff ffe8 

  0x000001ab476feb44: ; ImmutableOopMap {[152]=Oop [144]=Oop [168]=Oop }
                      ;*synchronization entry
                      ; - java.lang.StringBuilder::append@-1
                      ; - org.eclipse.osgi.internal.loader.BundleLoader::findClass0@66 (line 469)
  0x000001ab476feb44: b8bb 3207 | e9a3 d2ff 

  0x000001ab476feb4c: ;   {metadata({method} {0x000001ab5909b840} 'toString' '()Ljava/lang/String;' in 'java/lang/StringBuilder')}
  0x000001ab476feb4c: ff49 ba38 | b809 59ab | 0100 004c | 8954 2408 | 48c7 0424 | ffff ffff 

  0x000001ab476feb64: ;   {runtime_call counter_overflow Runtime1 stub}
  0x000001ab476feb64: e897 bb32 

  0x000001ab476feb68: ; ImmutableOopMap {[152]=Oop [144]=Oop [168]=Oop }
                      ;*synchronization entry
                      ; - java.lang.StringBuilder::toString@-1
                      ; - org.eclipse.osgi.internal.loader.BundleLoader::findClass0@69 (line 469)
  0x000001ab476feb68: 07e9 fdd2 

  0x000001ab476feb6c: ;   {metadata({method} {0x000001ab590982c8} 'isLatin1' '()Z' in 'java/lang/AbstractStringBuilder')}
  0x000001ab476feb6c: ffff 49ba | c082 0959 | ab01 0000 | 4c89 5424 | 0848 c704 | 24ff ffff 

  0x000001ab476feb84: ;   {runtime_call counter_overflow Runtime1 stub}
  0x000001ab476feb84: ffe8 76bb 

  0x000001ab476feb88: ; ImmutableOopMap {[152]=Oop [144]=Oop [168]=Oop }
                      ;*synchronization entry
                      ; - java.lang.AbstractStringBuilder::isLatin1@-1
                      ; - java.lang.StringBuilder::toString@1
                      ; - org.eclipse.osgi.internal.loader.BundleLoader::findClass0@69 (line 469)
  0x000001ab476feb88: 3207 e923 

  0x000001ab476feb8c: ;   {metadata({method} {0x000001ab59869db0} 'println' '(Ljava/lang/String;)V' in 'org/eclipse/osgi/internal/debug/Debug')}
  0x000001ab476feb8c: d3ff ff49 | baa8 9d86 | 59ab 0100 | 004c 8954 | 2408 48c7 | 0424 ffff 

  0x000001ab476feba4: ;   {runtime_call counter_overflow Runtime1 stub}
  0x000001ab476feba4: ffff e855 

  0x000001ab476feba8: ; ImmutableOopMap {[152]=Oop [144]=Oop rax=Oop }
                      ;*synchronization entry
                      ; - org.eclipse.osgi.internal.debug.Debug::println@-1 (line 358)
                      ; - org.eclipse.osgi.internal.loader.BundleLoader::findClass0@72 (line 469)
  0x000001ab476feba8: bb32 07e9 | 48d4 ffff 

  0x000001ab476febb0: ;   {runtime_call throw_null_pointer_exception Runtime1 stub}
  0x000001ab476febb0: e8eb 8a29 

  0x000001ab476febb4: ; ImmutableOopMap {[152]=Oop [144]=Oop rax=Oop rdx=Oop }
                      ;*invokevirtual println {reexecute=0 rethrow=0 return_oop=0}
                      ; - org.eclipse.osgi.internal.debug.Debug::println@4 (line 358)
                      ; - org.eclipse.osgi.internal.loader.BundleLoader::findClass0@72 (line 469)
                      ;   {metadata({method} {0x000001ab59a12b88} 'getPackageName' '(Ljava/lang/String;)Ljava/lang/String;' in 'org/eclipse/osgi/internal/loader/BundleLoader')}
  0x000001ab476febb4: 0749 ba80 | 2ba1 59ab | 0100 004c | 8954 2408 | 48c7 0424 | ffff ffff 

  0x000001ab476febcc: ;   {runtime_call counter_overflow Runtime1 stub}
  0x000001ab476febcc: e82f bb32 

  0x000001ab476febd0: ; ImmutableOopMap {[144]=Oop r8=Oop [152]=Oop }
                      ;*synchronization entry
                      ; - org.eclipse.osgi.internal.loader.BundleLoader::getPackageName@-1 (line 140)
                      ; - org.eclipse.osgi.internal.loader.BundleLoader::findClass0@76 (line 471)
  0x000001ab476febd0: 07e9 add4 

  0x000001ab476febd4: ;   {runtime_call throw_null_pointer_exception Runtime1 stub}
  0x000001ab476febd4: ffff e8c5 

  0x000001ab476febd8: ; ImmutableOopMap {[144]=Oop r8=Oop [152]=Oop }
                      ;*invokevirtual lastIndexOf {reexecute=0 rethrow=0 return_oop=0}
                      ; - org.eclipse.osgi.internal.loader.BundleLoader::getPackageName@7 (line 141)
                      ; - org.eclipse.osgi.internal.loader.BundleLoader::findClass0@76 (line 471)
                      ;   {metadata({method} {0x000001ab590094c8} 'lastIndexOf' '(I)I' in 'java/lang/String')}
  0x000001ab476febd8: 8a29 0749 | bac0 9400 | 59ab 0100 | 004c 8954 | 2408 48c7 | 0424 ffff 

  0x000001ab476febf0: ;   {runtime_call counter_overflow Runtime1 stub}
  0x000001ab476febf0: ffff e809 

  0x000001ab476febf4: ; ImmutableOopMap {[144]=Oop r8=Oop [152]=Oop }
                      ;*synchronization entry
                      ; - java.lang.String::lastIndexOf@-1
                      ; - org.eclipse.osgi.internal.loader.BundleLoader::getPackageName@7 (line 141)
                      ; - org.eclipse.osgi.internal.loader.BundleLoader::findClass0@76 (line 471)
  0x000001ab476febf4: bb32 07e9 | 00d5 ffff 

  0x000001ab476febfc: ;   {metadata({method} {0x000001ab59008060} 'length' '()I' in 'java/lang/String')}
  0x000001ab476febfc: 49ba 5880 | 0059 ab01 | 0000 4c89 | 5424 0848 | c704 24ff 

  0x000001ab476fec10: ;   {runtime_call counter_overflow Runtime1 stub}
  0x000001ab476fec10: ffff ffe8 

  0x000001ab476fec14: ; ImmutableOopMap {[144]=Oop r8=Oop [152]=Oop }
                      ;*synchronization entry
                      ; - java.lang.String::length@-1
                      ; - java.lang.String::lastIndexOf@3
                      ; - org.eclipse.osgi.internal.loader.BundleLoader::getPackageName@7 (line 141)
                      ; - org.eclipse.osgi.internal.loader.BundleLoader::findClass0@76 (line 471)
  0x000001ab476fec14: e8ba 3207 | e921 d5ff 

  0x000001ab476fec1c: ;   {runtime_call throw_null_pointer_exception Runtime1 stub}
  0x000001ab476fec1c: ffe8 7e8a 

  0x000001ab476fec20: ; ImmutableOopMap {[144]=Oop r8=Oop [152]=Oop }
                      ;*arraylength {reexecute=0 rethrow=0 return_oop=0}
                      ; - java.lang.String::length@4
                      ; - java.lang.String::lastIndexOf@3
                      ; - org.eclipse.osgi.internal.loader.BundleLoader::getPackageName@7 (line 141)
                      ; - org.eclipse.osgi.internal.loader.BundleLoader::findClass0@76 (line 471)
                      ;   {metadata({method} {0x000001ab5900c5b0} 'coder' '()B' in 'java/lang/String')}
  0x000001ab476fec20: 2907 49ba | a8c5 0059 | ab01 0000 | 4c89 5424 | 0848 c704 | 24ff ffff 

  0x000001ab476fec38: ;   {runtime_call counter_overflow Runtime1 stub}
  0x000001ab476fec38: ffe8 c2ba 

  0x000001ab476fec3c: ; ImmutableOopMap {[144]=Oop r8=Oop [152]=Oop }
                      ;*synchronization entry
                      ; - java.lang.String::coder@-1
                      ; - java.lang.String::length@6
                      ; - java.lang.String::lastIndexOf@3
                      ; - org.eclipse.osgi.internal.loader.BundleLoader::getPackageName@7 (line 141)
                      ; - org.eclipse.osgi.internal.loader.BundleLoader::findClass0@76 (line 471)
  0x000001ab476fec3c: 3207 e940 

  0x000001ab476fec40: ;   {runtime_call throw_null_pointer_exception Runtime1 stub}
  0x000001ab476fec40: d5ff ffe8 

  0x000001ab476fec44: ; ImmutableOopMap {[152]=Oop rsi=Oop rdx=Oop [144]=Oop rdi=Oop }
                      ;*invokevirtual isBootDelegationPackage {reexecute=0 rethrow=0 return_oop=0}
                      ; - org.eclipse.osgi.internal.loader.BundleLoader::findClass0@101 (line 474)
  0x000001ab476fec44: 588a 2907 

  0x000001ab476fec48: ;   {runtime_call throw_null_pointer_exception Runtime1 stub}
  0x000001ab476fec48: e853 8a29 

  0x000001ab476fec4c: ; ImmutableOopMap {[152]=Oop [176]=Oop rdx=Oop [144]=Oop rsi=Oop }
                      ;*invokevirtual loadClass {reexecute=0 rethrow=0 return_oop=0}
                      ; - org.eclipse.osgi.internal.loader.BundleLoader::findClass0@112 (line 478)
                      ;   {metadata({method} {0x000001ab5901d378} 'loadClass' '(Ljava/lang/String;)Ljava/lang/Class;' in 'java/lang/ClassLoader')}
  0x000001ab476fec4c: 0749 ba70 | d301 59ab | 0100 004c | 8954 2408 | 48c7 0424 | ffff ffff 

  0x000001ab476fec64: ;   {runtime_call counter_overflow Runtime1 stub}
  0x000001ab476fec64: e897 ba32 

  0x000001ab476fec68: ; ImmutableOopMap {[152]=Oop [176]=Oop rdx=Oop [144]=Oop rsi=Oop }
                      ;*synchronization entry
                      ; - java.lang.ClassLoader::loadClass@-1
                      ; - org.eclipse.osgi.internal.loader.BundleLoader::findClass0@112 (line 478)
  0x000001ab476fec68: 07e9 c7d7 

  0x000001ab476fec6c: ;   {internal_word}
  0x000001ab476fec6c: ffff 49ba | f4c4 6f47 | ab01 0000 | 4d89 9768 

  0x000001ab476fec7c: ;   {runtime_call SafepointBlob}
  0x000001ab476fec7c: 0300 00e9 | 7c8a 2807 | 4889 0424 

  0x000001ab476fec88: ;   {runtime_call throw_class_cast_exception Runtime1 stub}
  0x000001ab476fec88: e893 8d32 

  0x000001ab476fec8c: ; ImmutableOopMap {[152]=Oop [176]=Oop [144]=Oop }
                      ;*checkcast {reexecute=0 rethrow=0 return_oop=0}
                      ; - org.eclipse.osgi.internal.loader.BundleLoader::findClass0@130 (line 486)
                      ;   {metadata({method} {0x000001ab59a17350} 'findImportedSource' '(Ljava/lang/String;Ljava/util/Collection;)Lorg/eclipse/osgi/internal/loader/sources/PackageSource;' in 'org/eclipse/osgi/internal/loader/BundleLoader')}
  0x000001ab476fec8c: 0749 ba48 | 73a1 59ab | 0100 004c | 8954 2408 | 48c7 0424 | ffff ffff 

  0x000001ab476feca4: ;   {runtime_call counter_overflow Runtime1 stub}
  0x000001ab476feca4: e857 ba32 

  0x000001ab476feca8: ; ImmutableOopMap {[152]=Oop [176]=Oop [144]=Oop [192]=Oop }
                      ;*synchronization entry
                      ; - org.eclipse.osgi.internal.loader.BundleLoader::findImportedSource@-1 (line 1238)
                      ; - org.eclipse.osgi.internal.loader.BundleLoader::findClass0@152 (line 493)
  0x000001ab476feca8: 07e9 4eda 

  0x000001ab476fecac: ;   {runtime_call throw_null_pointer_exception Runtime1 stub}
  0x000001ab476fecac: ffff e8ed 

  0x000001ab476fecb0: ; ImmutableOopMap {[152]=Oop [176]=Oop [144]=Oop [192]=Oop rsi=Oop }
                      ;*monitorenter {reexecute=0 rethrow=0 return_oop=0}
                      ; - org.eclipse.osgi.internal.loader.BundleLoader::findImportedSource@10 (line 1239)
                      ; - org.eclipse.osgi.internal.loader.BundleLoader::findClass0@152 (line 493)
  0x000001ab476fecb0: 8929 0748 | 8974 2408 | 4c89 0424 

  0x000001ab476fecbc: ;   {runtime_call monitorenter_nofpu Runtime1 stub}
  0x000001ab476fecbc: e83f 9932 

  0x000001ab476fecc0: ; ImmutableOopMap {[152]=Oop [176]=Oop [144]=Oop [192]=Oop rsi=Oop [272]=Oop }
                      ;*monitorenter {reexecute=0 rethrow=0 return_oop=0}
                      ; - org.eclipse.osgi.internal.loader.BundleLoader::findImportedSource@10 (line 1239)
                      ; - org.eclipse.osgi.internal.loader.BundleLoader::findClass0@152 (line 493)
  0x000001ab476fecc0: 07e9 a5da | ffff 4889 

  0x000001ab476fecc8: ;   {runtime_call throw_class_cast_exception Runtime1 stub}
  0x000001ab476fecc8: 0424 e851 

  0x000001ab476feccc: ; ImmutableOopMap {[152]=Oop [176]=Oop [144]=Oop [192]=Oop [200]=Oop [272]=Oop }
                      ;*checkcast {reexecute=0 rethrow=0 return_oop=0}
                      ; - org.eclipse.osgi.internal.loader.BundleLoader::findImportedSource@18 (line 1240)
                      ; - org.eclipse.osgi.internal.loader.BundleLoader::findClass0@152 (line 493)
  0x000001ab476feccc: 8d32 0748 | 8d84 2408 | 0100 0048 

  0x000001ab476fecd8: ;   {runtime_call monitorexit_nofpu Runtime1 stub}
  0x000001ab476fecd8: 8904 24e8 | 209f 3207 | e94a dcff 

  0x000001ab476fece4: ;   {runtime_call throw_null_pointer_exception Runtime1 stub}
  0x000001ab476fece4: ffe8 b689 

  0x000001ab476fece8: ; ImmutableOopMap {[152]=Oop rbx=Oop [216]=Oop rdx=Oop [144]=Oop }
                      ;*getfield DEBUG_LOADER {reexecute=1 rethrow=0 return_oop=0}
                      ; - (reexecute) org.eclipse.osgi.internal.loader.BundleLoader::findClass0@166 (line 495)
                      ;   {metadata(NULL)}
  0x000001ab476fece8: 2907 48ba | 0000 0000 | 0000 0000 | b800 0f05 

  0x000001ab476fecf8: ;   {runtime_call load_klass_patching Runtime1 stub}
  0x000001ab476fecf8: 0ae8 82a9 

  0x000001ab476fecfc: ; ImmutableOopMap {[152]=Oop [216]=Oop [144]=Oop }
                      ;*new {reexecute=1 rethrow=0 return_oop=0}
                      ; - (reexecute) org.eclipse.osgi.internal.loader.BundleLoader::findClass0@172 (line 496)
  0x000001ab476fecfc: 3207 e9a5 | dcff ff48 

  0x000001ab476fed04: ;   {runtime_call fast_new_instance Runtime1 stub}
  0x000001ab476fed04: 8bd2 e875 

  0x000001ab476fed08: ; ImmutableOopMap {[152]=Oop [216]=Oop [144]=Oop }
                      ;*new {reexecute=0 rethrow=0 return_oop=0}
                      ; - org.eclipse.osgi.internal.loader.BundleLoader::findClass0@172 (line 496)
  0x000001ab476fed08: 8029 07e9 | dfdc ffff 

  0x000001ab476fed10: ;   {metadata({method} {0x000001ab5909a268} '<init>' '(Ljava/lang/String;)V' in 'java/lang/StringBuilder')}
  0x000001ab476fed10: 49ba 60a2 | 0959 ab01 | 0000 4c89 | 5424 0848 | c704 24ff 

  0x000001ab476fed24: ;   {runtime_call counter_overflow Runtime1 stub}
  0x000001ab476fed24: ffff ffe8 

  0x000001ab476fed28: ; ImmutableOopMap {[152]=Oop [216]=Oop [144]=Oop rax=Oop }
                      ;*synchronization entry
                      ; - java.lang.StringBuilder::<init>@-1
                      ; - org.eclipse.osgi.internal.loader.BundleLoader::findClass0@179 (line 496)
  0x000001ab476fed28: d4b9 3207 | e9fd dcff 

  0x000001ab476fed30: ;   {metadata({method} {0x000001ab5909a430} 'append' '(Ljava/lang/Object;)Ljava/lang/StringBuilder;' in 'java/lang/StringBuilder')}
  0x000001ab476fed30: ff49 ba28 | a409 59ab | 0100 004c | 8954 2408 | 48c7 0424 | ffff ffff 

  0x000001ab476fed48: ;   {runtime_call counter_overflow Runtime1 stub}
  0x000001ab476fed48: e8b3 b932 

  0x000001ab476fed4c: ; ImmutableOopMap {[152]=Oop [144]=Oop [208]=Oop [216]=Oop }
                      ;*synchronization entry
                      ; - java.lang.StringBuilder::append@-1
                      ; - org.eclipse.osgi.internal.loader.BundleLoader::findClass0@183 (line 496)
  0x000001ab476fed4c: 07e9 54dd 

  0x000001ab476fed50: ;   {metadata({method} {0x000001ab5900b988} 'valueOf' '(Ljava/lang/Object;)Ljava/lang/String;' in 'java/lang/String')}
  0x000001ab476fed50: ffff 49ba | 80b9 0059 | ab01 0000 | 4c89 5424 | 0848 c704 | 24ff ffff 

  0x000001ab476fed68: ;   {runtime_call counter_overflow Runtime1 stub}
  0x000001ab476fed68: ffe8 92b9 

  0x000001ab476fed6c: ; ImmutableOopMap {[152]=Oop [144]=Oop [208]=Oop [216]=Oop }
                      ;*synchronization entry
                      ; - java.lang.String::valueOf@-1
                      ; - java.lang.StringBuilder::append@2
                      ; - org.eclipse.osgi.internal.loader.BundleLoader::findClass0@183 (line 496)
  0x000001ab476fed6c: 3207 e96d 

  0x000001ab476fed70: ;   {metadata({method} {0x000001ab5909a4c8} 'append' '(Ljava/lang/String;)Ljava/lang/StringBuilder;' in 'java/lang/StringBuilder')}
  0x000001ab476fed70: ddff ff49 | bac0 a409 | 59ab 0100 | 004c 8954 | 2408 48c7 | 0424 ffff 

  0x000001ab476fed88: ;   {runtime_call counter_overflow Runtime1 stub}
  0x000001ab476fed88: ffff e871 

  0x000001ab476fed8c: ; ImmutableOopMap {[152]=Oop [144]=Oop [208]=Oop [216]=Oop rax=Oop }
                      ;*synchronization entry
                      ; - java.lang.StringBuilder::append@-1
                      ; - java.lang.StringBuilder::append@5
                      ; - org.eclipse.osgi.internal.loader.BundleLoader::findClass0@183 (line 496)
  0x000001ab476fed8c: b932 07e9 | 44de ffff 

  0x000001ab476fed94: ;   {metadata({method} {0x000001ab5909a4c8} 'append' '(Ljava/lang/String;)Ljava/lang/StringBuilder;' in 'java/lang/StringBuilder')}
  0x000001ab476fed94: 49ba c0a4 | 0959 ab01 | 0000 4c89 | 5424 0848 | c704 24ff 

  0x000001ab476feda8: ;   {runtime_call counter_overflow Runtime1 stub}
  0x000001ab476feda8: ffff ffe8 

  0x000001ab476fedac: ; ImmutableOopMap {[152]=Oop [144]=Oop [208]=Oop [216]=Oop }
                      ;*synchronization entry
                      ; - java.lang.StringBuilder::append@-1
                      ; - org.eclipse.osgi.internal.loader.BundleLoader::findClass0@189 (line 496)
  0x000001ab476fedac: 50b9 3207 | e993 deff 

  0x000001ab476fedb4: ;   {metadata({method} {0x000001ab5909a430} 'append' '(Ljava/lang/Object;)Ljava/lang/StringBuilder;' in 'java/lang/StringBuilder')}
  0x000001ab476fedb4: ff49 ba28 | a409 59ab | 0100 004c | 8954 2408 | 48c7 0424 | ffff ffff 

  0x000001ab476fedcc: ;   {runtime_call counter_overflow Runtime1 stub}
  0x000001ab476fedcc: e82f b932 

  0x000001ab476fedd0: ; ImmutableOopMap {[152]=Oop [144]=Oop [208]=Oop [216]=Oop }
                      ;*synchronization entry
                      ; - java.lang.StringBuilder::append@-1
                      ; - org.eclipse.osgi.internal.loader.BundleLoader::findClass0@194 (line 496)
  0x000001ab476fedd0: 07e9 e8de 

  0x000001ab476fedd4: ;   {metadata({method} {0x000001ab5900b988} 'valueOf' '(Ljava/lang/Object;)Ljava/lang/String;' in 'java/lang/String')}
  0x000001ab476fedd4: ffff 49ba | 80b9 0059 | ab01 0000 | 4c89 5424 | 0848 c704 | 24ff ffff 

  0x000001ab476fedec: ;   {runtime_call counter_overflow Runtime1 stub}
  0x000001ab476fedec: ffe8 0eb9 

  0x000001ab476fedf0: ; ImmutableOopMap {[152]=Oop [144]=Oop [208]=Oop [216]=Oop }
                      ;*synchronization entry
                      ; - java.lang.String::valueOf@-1
                      ; - java.lang.StringBuilder::append@2
                      ; - org.eclipse.osgi.internal.loader.BundleLoader::findClass0@194 (line 496)
  0x000001ab476fedf0: 3207 e901 

  0x000001ab476fedf4: ;   {runtime_call throw_null_pointer_exception Runtime1 stub}
  0x000001ab476fedf4: dfff ffe8 

  0x000001ab476fedf8: ; ImmutableOopMap {[152]=Oop [144]=Oop [208]=Oop rbx=Oop [216]=Oop }
                      ;*invokevirtual toString {reexecute=0 rethrow=0 return_oop=0}
                      ; - java.lang.String::valueOf@11
                      ; - java.lang.StringBuilder::append@2
                      ; - org.eclipse.osgi.internal.loader.BundleLoader::findClass0@194 (line 496)
  0x000001ab476fedf8: a488 2907 

  0x000001ab476fedfc: ;   {metadata({method} {0x000001ab5909a4c8} 'append' '(Ljava/lang/String;)Ljava/lang/StringBuilder;' in 'java/lang/StringBuilder')}
  0x000001ab476fedfc: 49ba c0a4 | 0959 ab01 | 0000 4c89 | 5424 0848 | c704 24ff 

  0x000001ab476fee10: ;   {runtime_call counter_overflow Runtime1 stub}
  0x000001ab476fee10: ffff ffe8 

  0x000001ab476fee14: ; ImmutableOopMap {[152]=Oop [144]=Oop [208]=Oop [216]=Oop rsi=Oop }
                      ;*synchronization entry
                      ; - java.lang.StringBuilder::append@-1
                      ; - java.lang.StringBuilder::append@5
                      ; - org.eclipse.osgi.internal.loader.BundleLoader::findClass0@194 (line 496)
  0x000001ab476fee14: e8b8 3207 | e91e e0ff 

  0x000001ab476fee1c: ;   {metadata({method} {0x000001ab5909b840} 'toString' '()Ljava/lang/String;' in 'java/lang/StringBuilder')}
  0x000001ab476fee1c: ff49 ba38 | b809 59ab | 0100 004c | 8954 2408 | 48c7 0424 | ffff ffff 

  0x000001ab476fee34: ;   {runtime_call counter_overflow Runtime1 stub}
  0x000001ab476fee34: e8c7 b832 

  0x000001ab476fee38: ; ImmutableOopMap {[152]=Oop [144]=Oop [208]=Oop [216]=Oop }
                      ;*synchronization entry
                      ; - java.lang.StringBuilder::toString@-1
                      ; - org.eclipse.osgi.internal.loader.BundleLoader::findClass0@197 (line 496)
  0x000001ab476fee38: 07e9 75e0 

  0x000001ab476fee3c: ;   {metadata({method} {0x000001ab590982c8} 'isLatin1' '()Z' in 'java/lang/AbstractStringBuilder')}
  0x000001ab476fee3c: ffff 49ba | c082 0959 | ab01 0000 | 4c89 5424 | 0848 c704 | 24ff ffff 

  0x000001ab476fee54: ;   {runtime_call counter_overflow Runtime1 stub}
  0x000001ab476fee54: ffe8 a6b8 

  0x000001ab476fee58: ; ImmutableOopMap {[152]=Oop [144]=Oop [208]=Oop [216]=Oop }
                      ;*synchronization entry
                      ; - java.lang.AbstractStringBuilder::isLatin1@-1
                      ; - java.lang.StringBuilder::toString@1
                      ; - org.eclipse.osgi.internal.loader.BundleLoader::findClass0@197 (line 496)
  0x000001ab476fee58: 3207 e99b 

  0x000001ab476fee5c: ;   {metadata({method} {0x000001ab59869db0} 'println' '(Ljava/lang/String;)V' in 'org/eclipse/osgi/internal/debug/Debug')}
  0x000001ab476fee5c: e0ff ff49 | baa8 9d86 | 59ab 0100 | 004c 8954 | 2408 48c7 | 0424 ffff 

  0x000001ab476fee74: ;   {runtime_call counter_overflow Runtime1 stub}
  0x000001ab476fee74: ffff e885 

  0x000001ab476fee78: ; ImmutableOopMap {[152]=Oop [144]=Oop [216]=Oop rax=Oop }
                      ;*synchronization entry
                      ; - org.eclipse.osgi.internal.debug.Debug::println@-1 (line 358)
                      ; - org.eclipse.osgi.internal.loader.BundleLoader::findClass0@200 (line 496)
  0x000001ab476fee78: b832 07e9 | c0e1 ffff 

  0x000001ab476fee80: ;   {runtime_call throw_null_pointer_exception Runtime1 stub}
  0x000001ab476fee80: e81b 8829 

  0x000001ab476fee84: ; ImmutableOopMap {[152]=Oop [144]=Oop [216]=Oop rax=Oop rdx=Oop }
                      ;*invokevirtual println {reexecute=0 rethrow=0 return_oop=0}
                      ; - org.eclipse.osgi.internal.debug.Debug::println@4 (line 358)
                      ; - org.eclipse.osgi.internal.loader.BundleLoader::findClass0@200 (line 496)
                      ;   {runtime_call throw_null_pointer_exception Runtime1 stub}
  0x000001ab476fee84: 07e8 1688 

  0x000001ab476fee88: ; ImmutableOopMap {[152]=Oop [144]=Oop rbx=Oop [216]=Oop }
                      ;*invokevirtual loadClass {reexecute=0 rethrow=0 return_oop=0}
                      ; - org.eclipse.osgi.internal.loader.BundleLoader::findClass0@206 (line 499)
                      ;   {runtime_call throw_null_pointer_exception Runtime1 stub}
  0x000001ab476fee88: 2907 e811 

  0x000001ab476fee8c: ; ImmutableOopMap {[152]=Oop [144]=Oop rax=Oop }
                      ;*invokevirtual publicFindLoaded {reexecute=0 rethrow=0 return_oop=0}
                      ; - org.eclipse.osgi.internal.loader.BundleLoader::findClass0@221 (line 503)
                      ;   {metadata({method} {0x000001ab59aaa4d0} 'publicFindLoaded' '(Ljava/lang/String;)Ljava/lang/Class;' in 'org/eclipse/osgi/internal/loader/ModuleClassLoader')}
  0x000001ab476fee8c: 8829 0749 | bac8 a4aa | 59ab 0100 | 004c 8954 | 2408 48c7 | 0424 ffff 

  0x000001ab476feea4: ;   {runtime_call counter_overflow Runtime1 stub}
  0x000001ab476feea4: ffff e855 

  0x000001ab476feea8: ; ImmutableOopMap {[152]=Oop [144]=Oop rax=Oop }
                      ;*synchronization entry
                      ; - org.eclipse.osgi.internal.loader.ModuleClassLoader::publicFindLoaded@-1 (line 317)
                      ; - org.eclipse.osgi.internal.loader.BundleLoader::findClass0@221 (line 503)
  0x000001ab476feea8: b832 07e9 | 2ae4 ffff 

  0x000001ab476feeb0: ;   {metadata({method} {0x000001ab59aab1a0} 'getClassLoadingLock' '(Ljava/lang/String;)Ljava/lang/Object;' in 'org/eclipse/osgi/internal/loader/ModuleClassLoader')}
  0x000001ab476feeb0: 49ba 98b1 | aa59 ab01 | 0000 4c89 | 5424 0848 | c704 24ff 

  0x000001ab476feec4: ;   {runtime_call counter_overflow Runtime1 stub}
  0x000001ab476feec4: ffff ffe8 

  0x000001ab476feec8: ; ImmutableOopMap {[152]=Oop [144]=Oop rax=Oop }
                      ;*synchronization entry
                      ; - org.eclipse.osgi.internal.loader.ModuleClassLoader::getClassLoadingLock@-1 (line 431)
                      ; - org.eclipse.osgi.internal.loader.ModuleClassLoader::publicFindLoaded@2 (line 317)
                      ; - org.eclipse.osgi.internal.loader.BundleLoader::findClass0@221 (line 503)
  0x000001ab476feec8: 34b8 3207 | e9c4 e4ff 

  0x000001ab476feed0: ;   {runtime_call throw_null_pointer_exception Runtime1 stub}
  0x000001ab476feed0: ffe8 ca87 

  0x000001ab476feed4: ; ImmutableOopMap {[152]=Oop [144]=Oop rax=Oop rdx=Oop }
                      ;*invokevirtual getLock {reexecute=0 rethrow=0 return_oop=0}
                      ; - org.eclipse.osgi.internal.loader.ModuleClassLoader::getClassLoadingLock@5 (line 431)
                      ; - org.eclipse.osgi.internal.loader.ModuleClassLoader::publicFindLoaded@2 (line 317)
                      ; - org.eclipse.osgi.internal.loader.BundleLoader::findClass0@221 (line 503)
                      ;   {runtime_call throw_null_pointer_exception Runtime1 stub}
  0x000001ab476feed4: 2907 e8c5 

  0x000001ab476feed8: ; ImmutableOopMap {[152]=Oop [144]=Oop [224]=Oop rsi=Oop [232]=Oop }
                      ;*monitorenter {reexecute=0 rethrow=0 return_oop=0}
                      ; - org.eclipse.osgi.internal.loader.ModuleClassLoader::publicFindLoaded@7 (line 317)
                      ; - org.eclipse.osgi.internal.loader.BundleLoader::findClass0@221 (line 503)
  0x000001ab476feed8: 8729 0748 | 8974 2408 | 4889 1424 

  0x000001ab476feee4: ;   {runtime_call monitorenter_nofpu Runtime1 stub}
  0x000001ab476feee4: e817 9732 

  0x000001ab476feee8: ; ImmutableOopMap {[152]=Oop [144]=Oop [224]=Oop rsi=Oop [232]=Oop [272]=Oop }
                      ;*monitorenter {reexecute=0 rethrow=0 return_oop=0}
                      ; - org.eclipse.osgi.internal.loader.ModuleClassLoader::publicFindLoaded@7 (line 317)
                      ; - org.eclipse.osgi.internal.loader.BundleLoader::findClass0@221 (line 503)
  0x000001ab476feee8: 07e9 1de5 

  0x000001ab476feeec: ;   {metadata({method} {0x000001ab5901e5d0} 'findLoadedClass' '(Ljava/lang/String;)Ljava/lang/Class;' in 'java/lang/ClassLoader')}
  0x000001ab476feeec: ffff 49ba | c8e5 0159 | ab01 0000 | 4c89 5424 | 0848 c704 | 24ff ffff 

  0x000001ab476fef04: ;   {runtime_call counter_overflow Runtime1 stub}
  0x000001ab476fef04: ffe8 f6b7 

  0x000001ab476fef08: ; ImmutableOopMap {[152]=Oop [144]=Oop [224]=Oop [232]=Oop [272]=Oop }
                      ;*synchronization entry
                      ; - java.lang.ClassLoader::findLoadedClass@-1
                      ; - org.eclipse.osgi.internal.loader.ModuleClassLoader::publicFindLoaded@10 (line 318)
                      ; - org.eclipse.osgi.internal.loader.BundleLoader::findClass0@221 (line 503)
  0x000001ab476fef08: 3207 e93e | e5ff ff48 | 8d84 2408 | 0100 0048 

  0x000001ab476fef18: ;   {runtime_call monitorexit_nofpu Runtime1 stub}
  0x000001ab476fef18: 8904 24e8 | e09c 3207 | e9dd e5ff 

  0x000001ab476fef24: ;   {internal_word}
  0x000001ab476fef24: ff49 ba41 | d56f 47ab | 0100 004d | 8997 6803 

  0x000001ab476fef34: ;   {runtime_call SafepointBlob}
  0x000001ab476fef34: 0000 e9c5 

  0x000001ab476fef38: ;   {runtime_call throw_null_pointer_exception Runtime1 stub}
  0x000001ab476fef38: 8728 07e8 

  0x000001ab476fef3c: ; ImmutableOopMap {[152]=Oop [176]=Oop rax=Oop [248]=Oop rdx=Oop [144]=Oop }
                      ;*getfield DEBUG_LOADER {reexecute=1 rethrow=0 return_oop=0}
                      ; - (reexecute) org.eclipse.osgi.internal.loader.BundleLoader::findClass0@259 (line 512)
  0x000001ab476fef3c: 6087 2907 

  0x000001ab476fef40: ;   {metadata(NULL)}
  0x000001ab476fef40: 48ba 0000 | 0000 0000 | 0000 b800 

  0x000001ab476fef4c: ;   {runtime_call load_klass_patching Runtime1 stub}
  0x000001ab476fef4c: 0f05 0ae8 

  0x000001ab476fef50: ; ImmutableOopMap {[152]=Oop [176]=Oop [248]=Oop [144]=Oop }
                      ;*new {reexecute=1 rethrow=0 return_oop=0}
                      ; - (reexecute) org.eclipse.osgi.internal.loader.BundleLoader::findClass0@265 (line 513)
  0x000001ab476fef50: 2ca7 3207 | e9b7 e6ff | ff48 8bd2 

  0x000001ab476fef5c: ;   {runtime_call fast_new_instance Runtime1 stub}
  0x000001ab476fef5c: e81f 7e29 

  0x000001ab476fef60: ; ImmutableOopMap {[152]=Oop [176]=Oop [144]=Oop [248]=Oop }
                      ;*new {reexecute=0 rethrow=0 return_oop=0}
                      ; - org.eclipse.osgi.internal.loader.BundleLoader::findClass0@265 (line 513)
  0x000001ab476fef60: 07e9 f1e6 

  0x000001ab476fef64: ;   {metadata({method} {0x000001ab5909a268} '<init>' '(Ljava/lang/String;)V' in 'java/lang/StringBuilder')}
  0x000001ab476fef64: ffff 49ba | 60a2 0959 | ab01 0000 | 4c89 5424 | 0848 c704 | 24ff ffff 

  0x000001ab476fef7c: ;   {runtime_call counter_overflow Runtime1 stub}
  0x000001ab476fef7c: ffe8 7eb7 

  0x000001ab476fef80: ; ImmutableOopMap {[152]=Oop [176]=Oop [144]=Oop [248]=Oop rax=Oop }
                      ;*synchronization entry
                      ; - java.lang.StringBuilder::<init>@-1
                      ; - org.eclipse.osgi.internal.loader.BundleLoader::findClass0@272 (line 513)
  0x000001ab476fef80: 3207 e90f 

  0x000001ab476fef84: ;   {metadata({method} {0x000001ab5909a430} 'append' '(Ljava/lang/Object;)Ljava/lang/StringBuilder;' in 'java/lang/StringBuilder')}
  0x000001ab476fef84: e7ff ff49 | ba28 a409 | 59ab 0100 | 004c 8954 | 2408 48c7 | 0424 ffff 

  0x000001ab476fef9c: ;   {runtime_call counter_overflow Runtime1 stub}
  0x000001ab476fef9c: ffff e85d 

  0x000001ab476fefa0: ; ImmutableOopMap {[152]=Oop [176]=Oop [248]=Oop [144]=Oop [240]=Oop }
                      ;*synchronization entry
                      ; - java.lang.StringBuilder::append@-1
                      ; - org.eclipse.osgi.internal.loader.BundleLoader::findClass0@276 (line 513)
  0x000001ab476fefa0: b732 07e9 | 66e7 ffff 

  0x000001ab476fefa8: ;   {metadata({method} {0x000001ab5900b988} 'valueOf' '(Ljava/lang/Object;)Ljava/lang/String;' in 'java/lang/String')}
  0x000001ab476fefa8: 49ba 80b9 | 0059 ab01 | 0000 4c89 | 5424 0848 | c704 24ff 

  0x000001ab476fefbc: ;   {runtime_call counter_overflow Runtime1 stub}
  0x000001ab476fefbc: ffff ffe8 

  0x000001ab476fefc0: ; ImmutableOopMap {[152]=Oop [176]=Oop [248]=Oop [144]=Oop [240]=Oop }
                      ;*synchronization entry
                      ; - java.lang.String::valueOf@-1
                      ; - java.lang.StringBuilder::append@2
                      ; - org.eclipse.osgi.internal.loader.BundleLoader::findClass0@276 (line 513)
  0x000001ab476fefc0: 3cb7 3207 | e97f e7ff 

  0x000001ab476fefc8: ;   {metadata({method} {0x000001ab5909a4c8} 'append' '(Ljava/lang/String;)Ljava/lang/StringBuilder;' in 'java/lang/StringBuilder')}
  0x000001ab476fefc8: ff49 bac0 | a409 59ab | 0100 004c | 8954 2408 | 48c7 0424 | ffff ffff 

  0x000001ab476fefe0: ;   {runtime_call counter_overflow Runtime1 stub}
  0x000001ab476fefe0: e81b b732 

  0x000001ab476fefe4: ; ImmutableOopMap {[152]=Oop [176]=Oop [248]=Oop [144]=Oop [240]=Oop rax=Oop }
                      ;*synchronization entry
                      ; - java.lang.StringBuilder::append@-1
                      ; - java.lang.StringBuilder::append@5
                      ; - org.eclipse.osgi.internal.loader.BundleLoader::findClass0@276 (line 513)
  0x000001ab476fefe4: 07e9 56e8 

  0x000001ab476fefe8: ;   {metadata({method} {0x000001ab5909a4c8} 'append' '(Ljava/lang/String;)Ljava/lang/StringBuilder;' in 'java/lang/StringBuilder')}
  0x000001ab476fefe8: ffff 49ba | c0a4 0959 | ab01 0000 | 4c89 5424 | 0848 c704 | 24ff ffff 

  0x000001ab476ff000: ;   {runtime_call counter_overflow Runtime1 stub}
  0x000001ab476ff000: ffe8 fab6 

  0x000001ab476ff004: ; ImmutableOopMap {[152]=Oop [176]=Oop [144]=Oop [240]=Oop [248]=Oop }
                      ;*synchronization entry
                      ; - java.lang.StringBuilder::append@-1
                      ; - org.eclipse.osgi.internal.loader.BundleLoader::findClass0@282 (line 513)
  0x000001ab476ff004: 3207 e9a5 

  0x000001ab476ff008: ;   {metadata({method} {0x000001ab5909a430} 'append' '(Ljava/lang/Object;)Ljava/lang/StringBuilder;' in 'java/lang/StringBuilder')}
  0x000001ab476ff008: e8ff ff49 | ba28 a409 | 59ab 0100 | 004c 8954 | 2408 48c7 | 0424 ffff 

  0x000001ab476ff020: ;   {runtime_call counter_overflow Runtime1 stub}
  0x000001ab476ff020: ffff e8d9 

  0x000001ab476ff024: ; ImmutableOopMap {[152]=Oop [176]=Oop [144]=Oop [240]=Oop [248]=Oop }
                      ;*synchronization entry
                      ; - java.lang.StringBuilder::append@-1
                      ; - org.eclipse.osgi.internal.loader.BundleLoader::findClass0@287 (line 513)
  0x000001ab476ff024: b632 07e9 | fae8 ffff 

  0x000001ab476ff02c: ;   {metadata({method} {0x000001ab5900b988} 'valueOf' '(Ljava/lang/Object;)Ljava/lang/String;' in 'java/lang/String')}
  0x000001ab476ff02c: 49ba 80b9 | 0059 ab01 | 0000 4c89 | 5424 0848 | c704 24ff 

  0x000001ab476ff040: ;   {runtime_call counter_overflow Runtime1 stub}
  0x000001ab476ff040: ffff ffe8 

  0x000001ab476ff044: ; ImmutableOopMap {[152]=Oop [176]=Oop [144]=Oop [240]=Oop [248]=Oop }
                      ;*synchronization entry
                      ; - java.lang.String::valueOf@-1
                      ; - java.lang.StringBuilder::append@2
                      ; - org.eclipse.osgi.internal.loader.BundleLoader::findClass0@287 (line 513)
  0x000001ab476ff044: b8b6 3207 | e913 e9ff 

  0x000001ab476ff04c: ;   {runtime_call throw_null_pointer_exception Runtime1 stub}
  0x000001ab476ff04c: ffe8 4e86 

  0x000001ab476ff050: ; ImmutableOopMap {[152]=Oop [176]=Oop [144]=Oop [240]=Oop rax=Oop [248]=Oop }
                      ;*invokevirtual toString {reexecute=0 rethrow=0 return_oop=0}
                      ; - java.lang.String::valueOf@11
                      ; - java.lang.StringBuilder::append@2
                      ; - org.eclipse.osgi.internal.loader.BundleLoader::findClass0@287 (line 513)
                      ;   {metadata({method} {0x000001ab5909a4c8} 'append' '(Ljava/lang/String;)Ljava/lang/StringBuilder;' in 'java/lang/StringBuilder')}
  0x000001ab476ff050: 2907 49ba | c0a4 0959 | ab01 0000 | 4c89 5424 | 0848 c704 | 24ff ffff 

  0x000001ab476ff068: ;   {runtime_call counter_overflow Runtime1 stub}
  0x000001ab476ff068: ffe8 92b6 

  0x000001ab476ff06c: ; ImmutableOopMap {[152]=Oop [176]=Oop [144]=Oop [240]=Oop [248]=Oop rsi=Oop }
                      ;*synchronization entry
                      ; - java.lang.StringBuilder::append@-1
                      ; - java.lang.StringBuilder::append@5
                      ; - org.eclipse.osgi.internal.loader.BundleLoader::findClass0@287 (line 513)
  0x000001ab476ff06c: 3207 e930 

  0x000001ab476ff070: ;   {metadata({method} {0x000001ab5909b840} 'toString' '()Ljava/lang/String;' in 'java/lang/StringBuilder')}
  0x000001ab476ff070: eaff ff49 | ba38 b809 | 59ab 0100 | 004c 8954 | 2408 48c7 | 0424 ffff 

  0x000001ab476ff088: ;   {runtime_call counter_overflow Runtime1 stub}
  0x000001ab476ff088: ffff e871 

  0x000001ab476ff08c: ; ImmutableOopMap {[152]=Oop [176]=Oop [144]=Oop [240]=Oop [248]=Oop }
                      ;*synchronization entry
                      ; - java.lang.StringBuilder::toString@-1
                      ; - org.eclipse.osgi.internal.loader.BundleLoader::findClass0@290 (line 513)
  0x000001ab476ff08c: b632 07e9 | 87ea ffff 

  0x000001ab476ff094: ;   {metadata({method} {0x000001ab590982c8} 'isLatin1' '()Z' in 'java/lang/AbstractStringBuilder')}
  0x000001ab476ff094: 49ba c082 | 0959 ab01 | 0000 4c89 | 5424 0848 | c704 24ff 

  0x000001ab476ff0a8: ;   {runtime_call counter_overflow Runtime1 stub}
  0x000001ab476ff0a8: ffff ffe8 

  0x000001ab476ff0ac: ; ImmutableOopMap {[152]=Oop [176]=Oop [144]=Oop [240]=Oop [248]=Oop }
                      ;*synchronization entry
                      ; - java.lang.AbstractStringBuilder::isLatin1@-1
                      ; - java.lang.StringBuilder::toString@1
                      ; - org.eclipse.osgi.internal.loader.BundleLoader::findClass0@290 (line 513)
  0x000001ab476ff0ac: 50b6 3207 | e9ad eaff 

  0x000001ab476ff0b4: ;   {metadata({method} {0x000001ab59869db0} 'println' '(Ljava/lang/String;)V' in 'org/eclipse/osgi/internal/debug/Debug')}
  0x000001ab476ff0b4: ff49 baa8 | 9d86 59ab | 0100 004c | 8954 2408 | 48c7 0424 | ffff ffff 

  0x000001ab476ff0cc: ;   {runtime_call counter_overflow Runtime1 stub}
  0x000001ab476ff0cc: e82f b632 

  0x000001ab476ff0d0: ; ImmutableOopMap {[152]=Oop [176]=Oop [144]=Oop [248]=Oop rax=Oop }
                      ;*synchronization entry
                      ; - org.eclipse.osgi.internal.debug.Debug::println@-1 (line 358)
                      ; - org.eclipse.osgi.internal.loader.BundleLoader::findClass0@293 (line 513)
  0x000001ab476ff0d0: 07e9 d2eb 

  0x000001ab476ff0d4: ;   {runtime_call throw_null_pointer_exception Runtime1 stub}
  0x000001ab476ff0d4: ffff e8c5 

  0x000001ab476ff0d8: ; ImmutableOopMap {[152]=Oop [176]=Oop [144]=Oop [248]=Oop rax=Oop rdx=Oop }
                      ;*invokevirtual println {reexecute=0 rethrow=0 return_oop=0}
                      ; - org.eclipse.osgi.internal.debug.Debug::println@4 (line 358)
                      ; - org.eclipse.osgi.internal.loader.BundleLoader::findClass0@293 (line 513)
                      ;   {runtime_call throw_null_pointer_exception Runtime1 stub}
  0x000001ab476ff0d8: 8529 07e8 

  0x000001ab476ff0dc: ; ImmutableOopMap {[152]=Oop [176]=Oop [144]=Oop rax=Oop [248]=Oop }
                      ;*invokevirtual loadClass {reexecute=0 rethrow=0 return_oop=0}
                      ; - org.eclipse.osgi.internal.loader.BundleLoader::findClass0@299 (line 516)
  0x000001ab476ff0dc: c085 2907 | 4889 0424 

  0x000001ab476ff0e4: ;   {runtime_call throw_class_cast_exception Runtime1 stub}
  0x000001ab476ff0e4: e837 8932 

  0x000001ab476ff0e8: ; ImmutableOopMap {[152]=Oop [144]=Oop [256]=Oop }
                      ;*checkcast {reexecute=0 rethrow=0 return_oop=0}
                      ; - org.eclipse.osgi.internal.loader.BundleLoader::findClass0@376 (line 537)
                      ;   {runtime_call throw_null_pointer_exception Runtime1 stub}
  0x000001ab476ff0e8: 07e8 b285 

  0x000001ab476ff0ec: ; ImmutableOopMap {[152]=Oop [144]=Oop rax=Oop }
                      ;*invokevirtual loadClass {reexecute=0 rethrow=0 return_oop=0}
                      ; - org.eclipse.osgi.internal.loader.BundleLoader::findClass0@345 (line 528)
                      ;   {internal_word}
  0x000001ab476ff0ec: 2907 49ba | d8e1 6f47 | ab01 0000 | 4d89 9768 

  0x000001ab476ff0fc: ;   {runtime_call SafepointBlob}
  0x000001ab476ff0fc: 0300 00e9 | fc85 2807 

  0x000001ab476ff104: ;   {runtime_call throw_null_pointer_exception Runtime1 stub}
  0x000001ab476ff104: e897 8529 

  0x000001ab476ff108: ; ImmutableOopMap {[152]=Oop rdx=Oop [144]=Oop rsi=Oop }
                      ;*invokevirtual getConfiguration {reexecute=0 rethrow=0 return_oop=0}
                      ; - org.eclipse.osgi.internal.loader.BundleLoader::findClass0@436 (line 549)
                      ;   {runtime_call throw_null_pointer_exception Runtime1 stub}
  0x000001ab476ff108: 07e8 9285 

  0x000001ab476ff10c: ; ImmutableOopMap {[152]=Oop rdx=Oop [144]=Oop }
                      ;*getfield compatibilityBootDelegation {reexecute=1 rethrow=0 return_oop=0}
                      ; - (reexecute) org.eclipse.osgi.internal.loader.BundleLoader::findClass0@439 (line 549)
                      ;   {runtime_call throw_null_pointer_exception Runtime1 stub}
  0x000001ab476ff10c: 2907 e88d 

  0x000001ab476ff110: ; ImmutableOopMap {[152]=Oop rdx=Oop [144]=Oop rsi=Oop }
                      ;*invokevirtual loadClass {reexecute=0 rethrow=0 return_oop=0}
                      ; - org.eclipse.osgi.internal.loader.BundleLoader::findClass0@457 (line 552)
                      ;   {metadata({method} {0x000001ab5901d378} 'loadClass' '(Ljava/lang/String;)Ljava/lang/Class;' in 'java/lang/ClassLoader')}
  0x000001ab476ff110: 8529 0749 | ba70 d301 | 59ab 0100 | 004c 8954 | 2408 48c7 | 0424 ffff 

  0x000001ab476ff128: ;   {runtime_call counter_overflow Runtime1 stub}
  0x000001ab476ff128: ffff e8d1 

  0x000001ab476ff12c: ; ImmutableOopMap {[152]=Oop rdx=Oop [144]=Oop rsi=Oop }
                      ;*synchronization entry
                      ; - java.lang.ClassLoader::loadClass@-1
                      ; - org.eclipse.osgi.internal.loader.BundleLoader::findClass0@457 (line 552)
  0x000001ab476ff12c: b532 07e9 | 40f4 ffff 

  0x000001ab476ff134: ;   {internal_word}
  0x000001ab476ff134: 49ba 34e6 | 6f47 ab01 | 0000 4d89 | 9768 0300 

  0x000001ab476ff144: ;   {runtime_call SafepointBlob}
  0x000001ab476ff144: 00e9 b685 

  0x000001ab476ff148: ;   {internal_word}
  0x000001ab476ff148: 2807 49ba | 4de6 6f47 | ab01 0000 | 4d89 9768 

  0x000001ab476ff158: ;   {runtime_call SafepointBlob}
  0x000001ab476ff158: 0300 00e9 | a085 2807 

  0x000001ab476ff160: ;   {internal_word}
  0x000001ab476ff160: 49ba 63e6 | 6f47 ab01 | 0000 4d89 | 9768 0300 

  0x000001ab476ff170: ;   {runtime_call SafepointBlob}
  0x000001ab476ff170: 00e9 8a85 

  0x000001ab476ff174: ;   {internal_word}
  0x000001ab476ff174: 2807 49ba | b4e6 6f47 | ab01 0000 | 4d89 9768 

  0x000001ab476ff184: ;   {runtime_call SafepointBlob}
  0x000001ab476ff184: 0300 00e9 | 7485 2807 

  0x000001ab476ff18c: ;   {internal_word}
  0x000001ab476ff18c: 49ba cde6 | 6f47 ab01 | 0000 4d89 | 9768 0300 

  0x000001ab476ff19c: ;   {runtime_call SafepointBlob}
  0x000001ab476ff19c: 00e9 5e85 

  0x000001ab476ff1a0: ;   {internal_word}
  0x000001ab476ff1a0: 2807 49ba | e3e6 6f47 | ab01 0000 | 4d89 9768 

  0x000001ab476ff1b0: ;   {runtime_call SafepointBlob}
  0x000001ab476ff1b0: 0300 00e9 | 4885 2807 

  0x000001ab476ff1b8: ;   {internal_word}
  0x000001ab476ff1b8: 49ba 34e7 | 6f47 ab01 | 0000 4d89 | 9768 0300 

  0x000001ab476ff1c8: ;   {runtime_call SafepointBlob}
  0x000001ab476ff1c8: 00e9 3285 

  0x000001ab476ff1cc: ;   {internal_word}
  0x000001ab476ff1cc: 2807 49ba | 4ae7 6f47 | ab01 0000 | 4d89 9768 

  0x000001ab476ff1dc: ;   {runtime_call SafepointBlob}
  0x000001ab476ff1dc: 0300 00e9 | 1c85 2807 

  0x000001ab476ff1e4: ;   {internal_word}
  0x000001ab476ff1e4: 49ba 60e7 | 6f47 ab01 | 0000 4d89 | 9768 0300 

  0x000001ab476ff1f4: ;   {runtime_call SafepointBlob}
  0x000001ab476ff1f4: 00e9 0685 

  0x000001ab476ff1f8: ;   {runtime_call throw_null_pointer_exception Runtime1 stub}
  0x000001ab476ff1f8: 2807 e8a1 

  0x000001ab476ff1fc: ; ImmutableOopMap {[152]=Oop rdx=Oop }
                      ;*invokevirtual loadClass {reexecute=0 rethrow=0 return_oop=0}
                      ; - org.eclipse.osgi.internal.loader.BundleLoader::findClass0@25 (line 465)
                      ;   {metadata({method} {0x000001ab5901d378} 'loadClass' '(Ljava/lang/String;)Ljava/lang/Class;' in 'java/lang/ClassLoader')}
  0x000001ab476ff1fc: 8429 0749 | ba70 d301 | 59ab 0100 | 004c 8954 | 2408 48c7 | 0424 ffff 

  0x000001ab476ff214: ;   {runtime_call counter_overflow Runtime1 stub}
  0x000001ab476ff214: ffff e8e5 

  0x000001ab476ff218: ; ImmutableOopMap {[152]=Oop rdx=Oop }
                      ;*synchronization entry
                      ; - java.lang.ClassLoader::loadClass@-1
                      ; - org.eclipse.osgi.internal.loader.BundleLoader::findClass0@25 (line 465)
  0x000001ab476ff218: b432 07e9 | 12f6 ffff 

  0x000001ab476ff220: ;   {internal_word}
  0x000001ab476ff220: 49ba ece8 | 6f47 ab01 | 0000 4d89 | 9768 0300 

  0x000001ab476ff230: ;   {runtime_call SafepointBlob}
  0x000001ab476ff230: 00e9 ca84 

  0x000001ab476ff234: ;   {internal_word}
  0x000001ab476ff234: 2807 49ba | 54e9 6f47 | ab01 0000 | 4d89 9768 

  0x000001ab476ff244: ;   {runtime_call SafepointBlob}
  0x000001ab476ff244: 0300 00e9 | b484 2807 | 488d 8424 | 0801 0000 | 4889 0424 

  0x000001ab476ff258: ;   {runtime_call monitorexit_nofpu Runtime1 stub}
  0x000001ab476ff258: e8a3 9932 | 07e9 41f7 | ffff 488d | 8424 0801 | 0000 4889 

  0x000001ab476ff26c: ;   {runtime_call monitorexit_nofpu Runtime1 stub}
  0x000001ab476ff26c: 0424 e88d | 9932 07e9 | 74f7 ffff | 9090 498b | 87e0 0300 | 0049 c787 | e003 0000 | 0000 0000 
  0x000001ab476ff28c: 49c7 87e8 | 0300 0000 | 0000 0048 | 81c4 2001 

  0x000001ab476ff29c: ;   {runtime_call unwind_exception Runtime1 stub}
  0x000001ab476ff29c: 0000 5de9 | dc92 2907 | f4f4 f4f4 | f4f4 f4f4 | f4f4 f4f4 | f4f4 f4f4 | f4f4 f4f4 | f4f4 f4f4 
  0x000001ab476ff2bc: f4f4 f4f4 
[Stub Code]
  0x000001ab476ff2c0: ;   {no_reloc}
  0x000001ab476ff2c0: 0f1f 4400 

  0x000001ab476ff2c4: ;   {static_stub}
  0x000001ab476ff2c4: 0048 bb00 | 0000 0000 

  0x000001ab476ff2cc: ;   {runtime_call}
  0x000001ab476ff2cc: 0000 00e9 | fbff ffff 

  0x000001ab476ff2d4: ;   {static_stub}
  0x000001ab476ff2d4: 9048 bb00 | 0000 0000 

  0x000001ab476ff2dc: ;   {runtime_call}
  0x000001ab476ff2dc: 0000 00e9 | fbff ffff 

  0x000001ab476ff2e4: ;   {static_stub}
  0x000001ab476ff2e4: 9048 bb00 | 0000 0000 

  0x000001ab476ff2ec: ;   {runtime_call}
  0x000001ab476ff2ec: 0000 00e9 | fbff ffff 

  0x000001ab476ff2f4: ;   {static_stub}
  0x000001ab476ff2f4: 9048 bb00 | 0000 0000 

  0x000001ab476ff2fc: ;   {runtime_call}
  0x000001ab476ff2fc: 0000 00e9 | fbff ffff 

  0x000001ab476ff304: ;   {static_stub}
  0x000001ab476ff304: 9048 bb00 | 0000 0000 

  0x000001ab476ff30c: ;   {runtime_call}
  0x000001ab476ff30c: 0000 00e9 | fbff ffff 

  0x000001ab476ff314: ;   {static_stub}
  0x000001ab476ff314: 9048 bb00 | 0000 0000 

  0x000001ab476ff31c: ;   {runtime_call}
  0x000001ab476ff31c: 0000 00e9 | fbff ffff 

  0x000001ab476ff324: ;   {static_stub}
  0x000001ab476ff324: 9048 bb00 | 0000 0000 

  0x000001ab476ff32c: ;   {runtime_call}
  0x000001ab476ff32c: 0000 00e9 | fbff ffff 

  0x000001ab476ff334: ;   {static_stub}
  0x000001ab476ff334: 9048 bb00 | 0000 0000 

  0x000001ab476ff33c: ;   {runtime_call}
  0x000001ab476ff33c: 0000 00e9 | fbff ffff 

  0x000001ab476ff344: ;   {static_stub}
  0x000001ab476ff344: 9048 bb00 | 0000 0000 

  0x000001ab476ff34c: ;   {runtime_call}
  0x000001ab476ff34c: 0000 00e9 | fbff ffff 

  0x000001ab476ff354: ;   {static_stub}
  0x000001ab476ff354: 9048 bb00 | 0000 0000 

  0x000001ab476ff35c: ;   {runtime_call}
  0x000001ab476ff35c: 0000 00e9 | fbff ffff 

  0x000001ab476ff364: ;   {static_stub}
  0x000001ab476ff364: 9048 bb00 | 0000 0000 

  0x000001ab476ff36c: ;   {runtime_call}
  0x000001ab476ff36c: 0000 00e9 | fbff ffff 

  0x000001ab476ff374: ;   {static_stub}
  0x000001ab476ff374: 9048 bb00 | 0000 0000 

  0x000001ab476ff37c: ;   {runtime_call}
  0x000001ab476ff37c: 0000 00e9 | fbff ffff 

  0x000001ab476ff384: ;   {static_stub}
  0x000001ab476ff384: 9048 bb70 | b882 59ab 

  0x000001ab476ff38c: ;   {runtime_call I2C/C2I adapters}
  0x000001ab476ff38c: 0100 00e9 | c06f 2807 

  0x000001ab476ff394: ;   {static_stub}
  0x000001ab476ff394: 9048 bb00 | 0000 0000 

  0x000001ab476ff39c: ;   {runtime_call}
  0x000001ab476ff39c: 0000 00e9 | fbff ffff 

  0x000001ab476ff3a4: ;   {static_stub}
  0x000001ab476ff3a4: 9048 bb38 | 4aa1 59ab 

  0x000001ab476ff3ac: ;   {runtime_call I2C/C2I adapters}
  0x000001ab476ff3ac: 0100 00e9 | 24b6 2707 

  0x000001ab476ff3b4: ;   {static_stub}
  0x000001ab476ff3b4: 9048 bbe0 | 74a1 59ab 

  0x000001ab476ff3bc: ;   {runtime_call I2C/C2I adapters}
  0x000001ab476ff3bc: 0100 00e9 | 906f 2807 

  0x000001ab476ff3c4: ;   {static_stub}
  0x000001ab476ff3c4: 9048 bb00 | 0000 0000 

  0x000001ab476ff3cc: ;   {runtime_call}
  0x000001ab476ff3cc: 0000 00e9 | fbff ffff 

  0x000001ab476ff3d4: ;   {static_stub}
  0x000001ab476ff3d4: 9048 bb00 | 0000 0000 

  0x000001ab476ff3dc: ;   {runtime_call}
  0x000001ab476ff3dc: 0000 00e9 | fbff ffff 

  0x000001ab476ff3e4: ;   {static_stub}
  0x000001ab476ff3e4: 9048 bb00 | 0000 0000 

  0x000001ab476ff3ec: ;   {runtime_call}
  0x000001ab476ff3ec: 0000 00e9 | fbff ffff 

  0x000001ab476ff3f4: ;   {static_stub}
  0x000001ab476ff3f4: 9048 bb00 | 0000 0000 

  0x000001ab476ff3fc: ;   {runtime_call}
  0x000001ab476ff3fc: 0000 00e9 | fbff ffff 

  0x000001ab476ff404: ;   {static_stub}
  0x000001ab476ff404: 9048 bb00 | 0000 0000 

  0x000001ab476ff40c: ;   {runtime_call}
  0x000001ab476ff40c: 0000 00e9 | fbff ffff 

  0x000001ab476ff414: ;   {static_stub}
  0x000001ab476ff414: 9048 bb00 | 0000 0000 

  0x000001ab476ff41c: ;   {runtime_call}
  0x000001ab476ff41c: 0000 00e9 | fbff ffff 

  0x000001ab476ff424: ;   {static_stub}
  0x000001ab476ff424: 9048 bb00 | 0000 0000 

  0x000001ab476ff42c: ;   {runtime_call}
  0x000001ab476ff42c: 0000 00e9 | fbff ffff 

  0x000001ab476ff434: ;   {static_stub}
  0x000001ab476ff434: 9048 bb00 | 0000 0000 

  0x000001ab476ff43c: ;   {runtime_call}
  0x000001ab476ff43c: 0000 00e9 | fbff ffff 

  0x000001ab476ff444: ;   {static_stub}
  0x000001ab476ff444: 9048 bb00 | 0000 0000 

  0x000001ab476ff44c: ;   {runtime_call}
  0x000001ab476ff44c: 0000 00e9 | fbff ffff 

  0x000001ab476ff454: ;   {static_stub}
  0x000001ab476ff454: 9048 bb00 | 0000 0000 

  0x000001ab476ff45c: ;   {runtime_call}
  0x000001ab476ff45c: 0000 00e9 | fbff ffff 

  0x000001ab476ff464: ;   {static_stub}
  0x000001ab476ff464: 9048 bb00 | 0000 0000 

  0x000001ab476ff46c: ;   {runtime_call}
  0x000001ab476ff46c: 0000 00e9 | fbff ffff 

  0x000001ab476ff474: ;   {static_stub}
  0x000001ab476ff474: 9048 bb00 | 0000 0000 

  0x000001ab476ff47c: ;   {runtime_call}
  0x000001ab476ff47c: 0000 00e9 | fbff ffff 

  0x000001ab476ff484: ;   {static_stub}
  0x000001ab476ff484: 9048 bb00 | 0000 0000 

  0x000001ab476ff48c: ;   {runtime_call}
  0x000001ab476ff48c: 0000 00e9 | fbff ffff 

  0x000001ab476ff494: ;   {static_stub}
  0x000001ab476ff494: 9048 bb00 | 0000 0000 

  0x000001ab476ff49c: ;   {runtime_call}
  0x000001ab476ff49c: 0000 00e9 | fbff ffff 

  0x000001ab476ff4a4: ;   {static_stub}
  0x000001ab476ff4a4: 9048 bb00 | 0000 0000 

  0x000001ab476ff4ac: ;   {runtime_call}
  0x000001ab476ff4ac: 0000 00e9 | fbff ffff 

  0x000001ab476ff4b4: ;   {static_stub}
  0x000001ab476ff4b4: 9048 bb88 | 79a1 59ab 

  0x000001ab476ff4bc: ;   {runtime_call I2C/C2I adapters}
  0x000001ab476ff4bc: 0100 00e9 | 14e5 2707 

  0x000001ab476ff4c4: ;   {static_stub}
  0x000001ab476ff4c4: 9048 bb00 | 0000 0000 

  0x000001ab476ff4cc: ;   {runtime_call}
  0x000001ab476ff4cc: 0000 00e9 | fbff ffff 

  0x000001ab476ff4d4: ;   {static_stub}
  0x000001ab476ff4d4: 9048 bb00 | 0000 0000 

  0x000001ab476ff4dc: ;   {runtime_call}
  0x000001ab476ff4dc: 0000 00e9 | fbff ffff 

  0x000001ab476ff4e4: ;   {static_stub}
  0x000001ab476ff4e4: 9048 bb00 | 0000 0000 

  0x000001ab476ff4ec: ;   {runtime_call}
  0x000001ab476ff4ec: 0000 00e9 | fbff ffff 

  0x000001ab476ff4f4: ;   {static_stub}
  0x000001ab476ff4f4: 9048 bb00 | 0000 0000 

  0x000001ab476ff4fc: ;   {runtime_call}
  0x000001ab476ff4fc: 0000 00e9 | fbff ffff 

  0x000001ab476ff504: ;   {static_stub}
  0x000001ab476ff504: 9048 bb00 | 0000 0000 

  0x000001ab476ff50c: ;   {runtime_call}
  0x000001ab476ff50c: 0000 00e9 | fbff ffff 

  0x000001ab476ff514: ;   {static_stub}
  0x000001ab476ff514: 9048 bb00 | 0000 0000 

  0x000001ab476ff51c: ;   {runtime_call}
  0x000001ab476ff51c: 0000 00e9 | fbff ffff 

  0x000001ab476ff524: ;   {static_stub}
  0x000001ab476ff524: 9048 bb00 | 0000 0000 

  0x000001ab476ff52c: ;   {runtime_call}
  0x000001ab476ff52c: 0000 00e9 | fbff ffff 

  0x000001ab476ff534: ;   {static_stub}
  0x000001ab476ff534: 9048 bb00 | 0000 0000 

  0x000001ab476ff53c: ;   {runtime_call}
  0x000001ab476ff53c: 0000 00e9 | fbff ffff 

  0x000001ab476ff544: ;   {static_stub}
  0x000001ab476ff544: 9048 bb00 | 0000 0000 

  0x000001ab476ff54c: ;   {runtime_call}
  0x000001ab476ff54c: 0000 00e9 | fbff ffff 

  0x000001ab476ff554: ;   {static_stub}
  0x000001ab476ff554: 9048 bb00 | 0000 0000 

  0x000001ab476ff55c: ;   {runtime_call}
  0x000001ab476ff55c: 0000 00e9 | fbff ffff 

  0x000001ab476ff564: ;   {static_stub}
  0x000001ab476ff564: 9048 bb00 | 0000 0000 

  0x000001ab476ff56c: ;   {runtime_call}
  0x000001ab476ff56c: 0000 00e9 | fbff ffff 

  0x000001ab476ff574: ;   {static_stub}
  0x000001ab476ff574: 9048 bb00 | 0000 0000 

  0x000001ab476ff57c: ;   {runtime_call}
  0x000001ab476ff57c: 0000 00e9 | fbff ffff 

  0x000001ab476ff584: ;   {static_stub}
  0x000001ab476ff584: 9048 bb00 | 0000 0000 

  0x000001ab476ff58c: ;   {runtime_call}
  0x000001ab476ff58c: 0000 00e9 | fbff ffff 

  0x000001ab476ff594: ;   {static_stub}
  0x000001ab476ff594: 9048 bb00 | 0000 0000 

  0x000001ab476ff59c: ;   {runtime_call}
  0x000001ab476ff59c: 0000 00e9 | fbff ffff 

  0x000001ab476ff5a4: ;   {static_stub}
  0x000001ab476ff5a4: 9048 bb00 | 0000 0000 

  0x000001ab476ff5ac: ;   {runtime_call}
  0x000001ab476ff5ac: 0000 00e9 | fbff ffff 

  0x000001ab476ff5b4: ;   {static_stub}
  0x000001ab476ff5b4: 9048 bb00 | 0000 0000 

  0x000001ab476ff5bc: ;   {runtime_call}
  0x000001ab476ff5bc: 0000 00e9 | fbff ffff 

  0x000001ab476ff5c4: ;   {static_stub}
  0x000001ab476ff5c4: 9048 bb00 | 0000 0000 

  0x000001ab476ff5cc: ;   {runtime_call}
  0x000001ab476ff5cc: 0000 00e9 | fbff ffff 

  0x000001ab476ff5d4: ;   {static_stub}
  0x000001ab476ff5d4: 9048 bb00 | 0000 0000 

  0x000001ab476ff5dc: ;   {runtime_call}
  0x000001ab476ff5dc: 0000 00e9 | fbff ffff 

  0x000001ab476ff5e4: ;   {static_stub}
  0x000001ab476ff5e4: 9048 bb00 | 0000 0000 

  0x000001ab476ff5ec: ;   {runtime_call}
  0x000001ab476ff5ec: 0000 00e9 | fbff ffff 

  0x000001ab476ff5f4: ;   {static_stub}
  0x000001ab476ff5f4: 9048 bb00 | 0000 0000 

  0x000001ab476ff5fc: ;   {runtime_call}
  0x000001ab476ff5fc: 0000 00e9 | fbff ffff 

  0x000001ab476ff604: ;   {static_stub}
  0x000001ab476ff604: 9048 bb00 | 0000 0000 

  0x000001ab476ff60c: ;   {runtime_call}
  0x000001ab476ff60c: 0000 00e9 | fbff ffff 
[Exception Handler]
  0x000001ab476ff614: ;   {runtime_call handle_exception_from_callee Runtime1 stub}
  0x000001ab476ff614: e867 6229 

  0x000001ab476ff618: ;   {external_word}
  0x000001ab476ff618: 0748 b9a0 | e9c2 8bfa | 7f00 0048 

  0x000001ab476ff624: ;   {runtime_call}
  0x000001ab476ff624: 83e4 f049 | ba40 718b | 8bfa 7f00 | 0041 ffd2 

  0x000001ab476ff634: ;   {section_word}
  0x000001ab476ff634: f449 ba35 | f66f 47ab | 0100 0041 

  0x000001ab476ff640: ;   {runtime_call DeoptimizationBlob}
  0x000001ab476ff640: 52e9 5a73 | 2807 f4f4 
[/MachCode]


---------------  P R O C E S S  ---------------

Threads class SMR info:
_java_thread_list=0x000001ab5e6fc450, length=17, elements={
0x000001ab42f7d590, 0x000001ab43034c20, 0x000001ab43039550, 0x000001ab58d3d310,
0x000001ab58d3dea0, 0x000001ab58d3ea30, 0x000001ab58d40470, 0x000001ab58d41070,
0x000001ab5df06c50, 0x000001ab5df07910, 0x000001ab5dfcc380, 0x000001ab5e1de7c0,
0x000001ab5e908ab0, 0x000001ab5e22f3f0, 0x000001ab5e28e110, 0x000001ab5e56bef0,
0x000001ab5e43b0d0
}

Java Threads: ( => current thread )
  0x000001ab42f7d590 JavaThread "main" [_thread_blocked, id=18512, stack(0x0000001982d00000,0x0000001982e00000)]
  0x000001ab43034c20 JavaThread "Reference Handler" daemon [_thread_blocked, id=6664, stack(0x0000001983100000,0x0000001983200000)]
  0x000001ab43039550 JavaThread "Finalizer" daemon [_thread_blocked, id=18588, stack(0x0000001983200000,0x0000001983300000)]
  0x000001ab58d3d310 JavaThread "Signal Dispatcher" daemon [_thread_blocked, id=1864, stack(0x0000001983300000,0x0000001983400000)]
  0x000001ab58d3dea0 JavaThread "Attach Listener" daemon [_thread_blocked, id=16176, stack(0x0000001983400000,0x0000001983500000)]
  0x000001ab58d3ea30 JavaThread "Service Thread" daemon [_thread_blocked, id=864, stack(0x0000001983500000,0x0000001983600000)]
  0x000001ab58d40470 JavaThread "Monitor Deflation Thread" daemon [_thread_blocked, id=18340, stack(0x0000001983600000,0x0000001983700000)]
  0x000001ab58d41070 JavaThread "C2 CompilerThread0" daemon [_thread_blocked, id=15864, stack(0x0000001983700000,0x0000001983800000)]
  0x000001ab5df06c50 JavaThread "C1 CompilerThread0" daemon [_thread_blocked, id=18912, stack(0x0000001983800000,0x0000001983900000)]
  0x000001ab5df07910 JavaThread "Sweeper thread" daemon [_thread_blocked, id=4728, stack(0x0000001983900000,0x0000001983a00000)]
  0x000001ab5dfcc380 JavaThread "Common-Cleaner" daemon [_thread_blocked, id=17568, stack(0x0000001983a00000,0x0000001983b00000)]
  0x000001ab5e1de7c0 JavaThread "Notification Thread" daemon [_thread_blocked, id=18376, stack(0x0000001983b00000,0x0000001983c00000)]
  0x000001ab5e908ab0 JavaThread "Active Thread: Equinox Container: e4a6c30c-59a7-4589-98ba-40efa5209139" [_thread_blocked, id=19272, stack(0x0000001984000000,0x0000001984100000)]
  0x000001ab5e22f3f0 JavaThread "Framework Event Dispatcher: Equinox Container: e4a6c30c-59a7-4589-98ba-40efa5209139" daemon [_thread_blocked, id=18532, stack(0x0000001984100000,0x0000001984200000)]
=>0x000001ab5e28e110 JavaThread "Start Level: Equinox Container: e4a6c30c-59a7-4589-98ba-40efa5209139" daemon [_thread_in_vm, id=10560, stack(0x0000001984200000,0x0000001984300000)]
  0x000001ab5e56bef0 JavaThread "SCR Component Actor" daemon [_thread_blocked, id=17548, stack(0x0000001984300000,0x0000001984400000)]
  0x000001ab5e43b0d0 JavaThread "SCR Component Registry" daemon [_thread_blocked, id=16052, stack(0x0000001984400000,0x0000001984500000)]

Other Threads:
  0x000001ab58d06820 VMThread "VM Thread" [stack: 0x0000001983000000,0x0000001983100000] [id=19024]
  0x000001ab5e1d8f70 WatcherThread [stack: 0x0000001983c00000,0x0000001983d00000] [id=17864]
  0x000001ab42f95770 GCTaskThread "GC Thread#0" [stack: 0x0000001982f00000,0x0000001983000000] [id=9728]
  0x000001ab5e16e0b0 GCTaskThread "GC Thread#1" [stack: 0x0000001983d00000,0x0000001983e00000] [id=19220]
  0x000001ab5ea4f650 GCTaskThread "GC Thread#2" [stack: 0x0000001983e00000,0x0000001983f00000] [id=4888]
  0x000001ab5ea4f910 GCTaskThread "GC Thread#3" [stack: 0x0000001983f00000,0x0000001984000000] [id=17672]

Threads with active compile tasks:

VM state: not at safepoint (normal execution)

VM Mutex/Monitor currently owned by a thread:  ([mutex/lock_event])
[0x000001ab42f78970] Metaspace_lock - owner thread: 0x000001ab5e28e110

Heap address: 0x00000000c0000000, size: 1024 MB, Compressed Oops mode: 32-bit

CDS archive(s) not mapped
Compressed class space mapped at: 0x0000000100000000-0x0000000140000000, reserved size: 1073741824
Narrow klass base: 0x0000000000000000, Narrow klass shift: 3, Narrow klass range: 0x140000000

GC Precious Log:
 CPUs: 4 total, 4 available
 Memory: 8097M
 Large Page Support: Disabled
 NUMA Support: Disabled
 Compressed Oops: Enabled (32-bit)
 Alignments: Space 512K, Generation 512K, Heap 2M
 Heap Min Capacity: 100M
 Heap Initial Capacity: 100M
 Heap Max Capacity: 1G
 Pre-touch: Disabled
 Parallel Workers: 4

Heap:
 PSYoungGen      total 29696K, used 13501K [0x00000000eab00000, 0x00000000ecc00000, 0x0000000100000000)
  eden space 25600K, 36% used [0x00000000eab00000,0x00000000eb4309d8,0x00000000ec400000)
  from space 4096K, 99% used [0x00000000ec800000,0x00000000ecbfece8,0x00000000ecc00000)
  to   space 4096K, 0% used [0x00000000ec400000,0x00000000ec400000,0x00000000ec800000)
 ParOldGen       total 68608K, used 820K [0x00000000c0000000, 0x00000000c4300000, 0x00000000eab00000)
  object space 68608K, 1% used [0x00000000c0000000,0x00000000c00cd030,0x00000000c4300000)
 Metaspace       used 16522K, committed 16768K, reserved 1114112K
  class space    used 1693K, committed 1792K, reserved 1048576K

Card table byte_map: [0x000001ab565e0000,0x000001ab567f0000] _byte_map_base: 0x000001ab55fe0000

Marking Bits: (ParMarkBitMap*) 0x00007ffa8bea6940
 Begin Bits: [0x000001ab56950000, 0x000001ab57950000)
 End Bits:   [0x000001ab57950000, 0x000001ab58950000)

Polling page: 0x000001ab43040000

Metaspace:

Usage:
  Non-class:     14.48 MB used.
      Class:      1.65 MB used.
       Both:     16.14 MB used.

Virtual space:
  Non-class space:       64.00 MB reserved,      14.62 MB ( 23%) committed,  1 nodes.
      Class space:        1.00 GB reserved,       1.75 MB ( <1%) committed,  1 nodes.
             Both:        1.06 GB reserved,      16.38 MB (  2%) committed. 

Chunk freelists:
   Non-Class:  432.00 KB
       Class:  14.25 MB
        Both:  14.67 MB

MaxMetaspaceSize: unlimited
CompressedClassSpaceSize: 1.00 GB
Initial GC threshold: 21.00 MB
Current GC threshold: 21.00 MB
CDS: off
MetaspaceReclaimPolicy: balanced
 - commit_granule_bytes: 65536.
 - commit_granule_words: 8192.
 - virtual_space_node_default_size: 8388608.
 - enlarge_chunks_in_place: 1.
 - new_chunks_are_fully_committed: 0.
 - uncommit_free_chunks: 1.
 - use_allocation_guard: 0.
 - handle_deallocations: 1.


Internal statistics:

num_allocs_failed_limit: 0.
num_arena_births: 116.
num_arena_deaths: 0.
num_vsnodes_births: 2.
num_vsnodes_deaths: 0.
num_space_committed: 262.
num_space_uncommitted: 0.
num_chunks_returned_to_freelist: 0.
num_chunks_taken_from_freelist: 381.
num_chunk_merges: 0.
num_chunk_splits: 259.
num_chunks_enlarged: 193.
num_inconsistent_stats: 0.

CodeHeap 'non-profiled nmethods': size=120000Kb used=720Kb max_used=720Kb free=119279Kb
 bounds [0x000001ab4eed0000, 0x000001ab4f140000, 0x000001ab56400000]
CodeHeap 'profiled nmethods': size=120000Kb used=3117Kb max_used=3117Kb free=116882Kb
 bounds [0x000001ab47400000, 0x000001ab47710000, 0x000001ab4e930000]
CodeHeap 'non-nmethods': size=5760Kb used=1167Kb max_used=1185Kb free=4592Kb
 bounds [0x000001ab4e930000, 0x000001ab4eba0000, 0x000001ab4eed0000]
 total_blobs=2206 nmethods=1746 adapters=374
 compilation: enabled
              stopped_count=0, restarted_count=0
 full_count=0

Compilation events (20 events):
Event: 21.328 Thread 0x000001ab5df06c50 nmethod 1741 0x000001ab47704190 code [0x000001ab47704340, 0x000001ab47704568]
Event: 21.328 Thread 0x000001ab5df06c50 1742       3       org.eclipse.osgi.container.ModuleRevisions::getBundle (8 bytes)
Event: 21.329 Thread 0x000001ab58d41070 nmethod 1740 0x000001ab4ef83c10 code [0x000001ab4ef83da0, 0x000001ab4ef83f98]
Event: 21.329 Thread 0x000001ab5df06c50 nmethod 1742 0x000001ab47704690 code [0x000001ab47704840, 0x000001ab47704a08]
Event: 21.334 Thread 0x000001ab5df06c50 1744       3       org.eclipse.osgi.internal.container.KeyBasedLockStore::poll (32 bytes)
Event: 21.335 Thread 0x000001ab5df06c50 nmethod 1744 0x000001ab47704b10 code [0x000001ab47704d20, 0x000001ab47705468]
Event: 21.336 Thread 0x000001ab5df06c50 1745   !   3       org.eclipse.osgi.storage.bundlefile.CloseableBundleFile::internalOpen (112 bytes)
Event: 21.339 Thread 0x000001ab5df06c50 nmethod 1745 0x000001ab47705710 code [0x000001ab47705a80, 0x000001ab47706ff8]
Event: 21.339 Thread 0x000001ab5df06c50 1746       3       org.eclipse.osgi.storage.bundlefile.MRUBundleFileList::incUseStamp (57 bytes)
Event: 21.339 Thread 0x000001ab5df06c50 nmethod 1746 0x000001ab47707810 code [0x000001ab477079c0, 0x000001ab47707c58]
Event: 21.339 Thread 0x000001ab5df06c50 1747       3       org.eclipse.osgi.storage.bundlefile.CloseableBundleFile::releaseOpen (8 bytes)
Event: 21.339 Thread 0x000001ab5df06c50 nmethod 1747 0x000001ab47707d90 code [0x000001ab47707f60, 0x000001ab47708318]
Event: 21.339 Thread 0x000001ab5df06c50 1748       3       java.lang.AbstractStringBuilder::append (60 bytes)
Event: 21.340 Thread 0x000001ab5df06c50 nmethod 1748 0x000001ab47708490 code [0x000001ab47708660, 0x000001ab47708998]
Event: 21.340 Thread 0x000001ab5df06c50 1749       3       org.eclipse.osgi.internal.loader.ModuleClassLoader::getBundle (11 bytes)
Event: 21.341 Thread 0x000001ab5df06c50 nmethod 1749 0x000001ab47708b10 code [0x000001ab47708ce0, 0x000001ab477090c8]
Event: 21.343 Thread 0x000001ab5df06c50 1750       3       org.eclipse.osgi.internal.loader.ModuleClassLoader::toString (80 bytes)
Event: 21.346 Thread 0x000001ab5df06c50 nmethod 1750 0x000001ab47709290 code [0x000001ab47709620, 0x000001ab4770a8f8]
Event: 21.346 Thread 0x000001ab5df06c50 1751       3       org.eclipse.osgi.internal.hookregistry.ClassLoaderHook::recordClassDefine (1 bytes)
Event: 21.347 Thread 0x000001ab5df06c50 nmethod 1751 0x000001ab4770af90 code [0x000001ab4770b120, 0x000001ab4770b238]

GC Heap History (4 events):
Event: 10.745 GC heap before
{Heap before GC invocations=1 (full 0):
 PSYoungGen      total 29696K, used 25600K [0x00000000eab00000, 0x00000000ecc00000, 0x0000000100000000)
  eden space 25600K, 100% used [0x00000000eab00000,0x00000000ec400000,0x00000000ec400000)
  from space 4096K, 0% used [0x00000000ec800000,0x00000000ec800000,0x00000000ecc00000)
  to   space 4096K, 0% used [0x00000000ec400000,0x00000000ec400000,0x00000000ec800000)
 ParOldGen       total 68608K, used 0K [0x00000000c0000000, 0x00000000c4300000, 0x00000000eab00000)
  object space 68608K, 0% used [0x00000000c0000000,0x00000000c0000000,0x00000000c4300000)
 Metaspace       used 10957K, committed 11136K, reserved 1114112K
  class space    used 1088K, committed 1216K, reserved 1048576K
}
Event: 10.885 GC heap after
{Heap after GC invocations=1 (full 0):
 PSYoungGen      total 29696K, used 3182K [0x00000000eab00000, 0x00000000ecc00000, 0x0000000100000000)
  eden space 25600K, 0% used [0x00000000eab00000,0x00000000eab00000,0x00000000ec400000)
  from space 4096K, 77% used [0x00000000ec400000,0x00000000ec71b980,0x00000000ec800000)
  to   space 4096K, 0% used [0x00000000ec800000,0x00000000ec800000,0x00000000ecc00000)
 ParOldGen       total 68608K, used 0K [0x00000000c0000000, 0x00000000c4300000, 0x00000000eab00000)
  object space 68608K, 0% used [0x00000000c0000000,0x00000000c0000000,0x00000000c4300000)
 Metaspace       used 10957K, committed 11136K, reserved 1114112K
  class space    used 1088K, committed 1216K, reserved 1048576K
}
Event: 19.280 GC heap before
{Heap before GC invocations=2 (full 0):
 PSYoungGen      total 29696K, used 28782K [0x00000000eab00000, 0x00000000ecc00000, 0x0000000100000000)
  eden space 25600K, 100% used [0x00000000eab00000,0x00000000ec400000,0x00000000ec400000)
  from space 4096K, 77% used [0x00000000ec400000,0x00000000ec71b980,0x00000000ec800000)
  to   space 4096K, 0% used [0x00000000ec800000,0x00000000ec800000,0x00000000ecc00000)
 ParOldGen       total 68608K, used 0K [0x00000000c0000000, 0x00000000c4300000, 0x00000000eab00000)
  object space 68608K, 0% used [0x00000000c0000000,0x00000000c0000000,0x00000000c4300000)
 Metaspace       used 14612K, committed 14848K, reserved 1114112K
  class space    used 1479K, committed 1600K, reserved 1048576K
}
Event: 19.291 GC heap after
{Heap after GC invocations=2 (full 0):
 PSYoungGen      total 29696K, used 4091K [0x00000000eab00000, 0x00000000ecc00000, 0x0000000100000000)
  eden space 25600K, 0% used [0x00000000eab00000,0x00000000eab00000,0x00000000ec400000)
  from space 4096K, 99% used [0x00000000ec800000,0x00000000ecbfece8,0x00000000ecc00000)
  to   space 4096K, 0% used [0x00000000ec400000,0x00000000ec400000,0x00000000ec800000)
 ParOldGen       total 68608K, used 820K [0x00000000c0000000, 0x00000000c4300000, 0x00000000eab00000)
  object space 68608K, 1% used [0x00000000c0000000,0x00000000c00cd030,0x00000000c4300000)
 Metaspace       used 14612K, committed 14848K, reserved 1114112K
  class space    used 1479K, committed 1600K, reserved 1048576K
}

Dll operation events (9 events):
Event: 0.092 Loaded shared library c:\Users\chihu\.vscode\extensions\redhat.java-1.38.0-win32-x64\jre\17.0.13-win32-x86_64\bin\java.dll
Event: 2.587 Loaded shared library c:\Users\chihu\.vscode\extensions\redhat.java-1.38.0-win32-x64\jre\17.0.13-win32-x86_64\bin\zip.dll
Event: 2.598 Loaded shared library C:\Users\chihu\.vscode\extensions\redhat.java-1.38.0-win32-x64\jre\17.0.13-win32-x86_64\bin\instrument.dll
Event: 2.753 Loaded shared library C:\Users\chihu\.vscode\extensions\redhat.java-1.38.0-win32-x64\jre\17.0.13-win32-x86_64\bin\net.dll
Event: 2.758 Loaded shared library C:\Users\chihu\.vscode\extensions\redhat.java-1.38.0-win32-x64\jre\17.0.13-win32-x86_64\bin\nio.dll
Event: 2.917 Loaded shared library C:\Users\chihu\.vscode\extensions\redhat.java-1.38.0-win32-x64\jre\17.0.13-win32-x86_64\bin\zip.dll
Event: 3.058 Loaded shared library C:\Users\chihu\.vscode\extensions\redhat.java-1.38.0-win32-x64\jre\17.0.13-win32-x86_64\bin\jimage.dll
Event: 3.865 Loaded shared library c:\Users\chihu\.vscode\extensions\redhat.java-1.38.0-win32-x64\jre\17.0.13-win32-x86_64\bin\verify.dll
Event: 16.707 Loaded shared library C:\Users\chihu\AppData\Roaming\Code\User\globalStorage\redhat.java\1.38.0\config_ss_win\org.eclipse.equinox.launcher\org.eclipse.equinox.launcher.win32.win32.x86_64_1.2.1100.v20240722-2106\eclipse_11904.dll

Deoptimization events (20 events):
Event: 14.754 Thread 0x000001ab42f7d590 DEOPT PACKING pc=0x000001ab4ef4e324 sp=0x0000001982dfdaa0
Event: 14.754 Thread 0x000001ab42f7d590 DEOPT UNPACKING pc=0x000001ab4e9866a3 sp=0x0000001982dfd9c8 mode 2
Event: 14.756 Thread 0x000001ab42f7d590 Uncommon trap: trap_request=0xffffffde fr.pc=0x000001ab4eedcd94 relative=0x0000000000000414
Event: 14.756 Thread 0x000001ab42f7d590 Uncommon trap: reason=class_check action=maybe_recompile pc=0x000001ab4eedcd94 method=java.util.HashMap.putVal(ILjava/lang/Object;Ljava/lang/Object;ZZ)Ljava/lang/Object; @ 253 c2
Event: 14.756 Thread 0x000001ab42f7d590 DEOPT PACKING pc=0x000001ab4eedcd94 sp=0x0000001982dfd920
Event: 14.756 Thread 0x000001ab42f7d590 DEOPT UNPACKING pc=0x000001ab4e9866a3 sp=0x0000001982dfd8c0 mode 2
Event: 15.123 Thread 0x000001ab42f7d590 DEOPT PACKING pc=0x000001ab4751af94 sp=0x0000001982dfc040
Event: 15.123 Thread 0x000001ab42f7d590 DEOPT UNPACKING pc=0x000001ab4e986e43 sp=0x0000001982dfb4c0 mode 0
Event: 16.975 Thread 0x000001ab5e28e110 Uncommon trap: trap_request=0xffffff6e fr.pc=0x000001ab4ef308d8 relative=0x0000000000000338
Event: 16.975 Thread 0x000001ab5e28e110 Uncommon trap: reason=loop_limit_check action=maybe_recompile pc=0x000001ab4ef308d8 method=java.lang.StringLatin1.indexOf([BI[BII)I @ 37 c2
Event: 16.975 Thread 0x000001ab5e28e110 DEOPT PACKING pc=0x000001ab4ef308d8 sp=0x00000019842f8a00
Event: 16.975 Thread 0x000001ab5e28e110 DEOPT UNPACKING pc=0x000001ab4e9866a3 sp=0x00000019842f8960 mode 2
Event: 21.047 Thread 0x000001ab5e28e110 Uncommon trap: trap_request=0xffffff45 fr.pc=0x000001ab4ef11dec relative=0x000000000000038c
Event: 21.047 Thread 0x000001ab5e28e110 Uncommon trap: reason=unstable_if action=reinterpret pc=0x000001ab4ef11dec method=java.lang.invoke.VarHandle.checkExactAccessMode(Ljava/lang/invoke/VarHandle$AccessDescriptor;)V @ 4 c2
Event: 21.047 Thread 0x000001ab5e28e110 DEOPT PACKING pc=0x000001ab4ef11dec sp=0x00000019842fd420
Event: 21.047 Thread 0x000001ab5e28e110 DEOPT UNPACKING pc=0x000001ab4e9866a3 sp=0x00000019842fd380 mode 2
Event: 21.320 Thread 0x000001ab5e28e110 Uncommon trap: trap_request=0xffffff45 fr.pc=0x000001ab4ef6c688 relative=0x00000000000020e8
Event: 21.320 Thread 0x000001ab5e28e110 Uncommon trap: reason=unstable_if action=reinterpret pc=0x000001ab4ef6c688 method=java.io.WinNTFileSystem.normalize(Ljava/lang/String;II)Ljava/lang/String; @ 100 c2
Event: 21.320 Thread 0x000001ab5e28e110 DEOPT PACKING pc=0x000001ab4ef6c688 sp=0x00000019842f8dd0
Event: 21.320 Thread 0x000001ab5e28e110 DEOPT UNPACKING pc=0x000001ab4e9866a3 sp=0x00000019842f8d10 mode 2

Classes loaded (20 events):
Event: 20.548 Loading class com/sun/org/apache/xerces/internal/impl/io/MalformedByteSequenceException
Event: 20.549 Loading class java/io/CharConversionException
Event: 20.549 Loading class java/io/CharConversionException done
Event: 20.549 Loading class com/sun/org/apache/xerces/internal/impl/io/MalformedByteSequenceException done
Event: 20.579 Loading class java/util/concurrent/RejectedExecutionException
Event: 20.579 Loading class java/util/concurrent/RejectedExecutionException done
Event: 20.579 Loading class java/util/concurrent/CompletionStage
Event: 20.580 Loading class java/util/concurrent/CompletionStage done
Event: 20.583 Loading class java/util/Timer
Event: 20.584 Loading class java/util/Timer done
Event: 20.584 Loading class java/util/TaskQueue
Event: 20.584 Loading class java/util/TaskQueue done
Event: 20.584 Loading class java/util/TimerThread
Event: 20.584 Loading class java/util/TimerThread done
Event: 20.584 Loading class java/util/Timer$ThreadReaper
Event: 20.585 Loading class java/util/Timer$ThreadReaper done
Event: 20.798 Loading class java/util/concurrent/locks/ReentrantLock$FairSync
Event: 20.798 Loading class java/util/concurrent/locks/ReentrantLock$FairSync done
Event: 20.801 Loading class java/util/Collections$ReverseComparator
Event: 20.801 Loading class java/util/Collections$ReverseComparator done

Classes unloaded (0 events):
No events

Classes redefined (0 events):
No events

Internal exceptions (20 events):
Event: 9.308 Thread 0x000001ab42f7d590 Exception <a 'java/lang/ClassNotFoundException'{0x00000000ec10b4e0}: sun/net/www/protocol/c/Handler> (0x00000000ec10b4e0) 
thrown [s\src\hotspot\share\classfile\systemDictionary.cpp, line 256]
Event: 9.314 Thread 0x000001ab42f7d590 Exception <a 'java/lang/ClassNotFoundException'{0x00000000ec10c808}: sun/net/www/protocol/e/Handler> (0x00000000ec10c808) 
thrown [s\src\hotspot\share\classfile\systemDictionary.cpp, line 256]
Event: 9.314 Thread 0x000001ab42f7d590 Exception <a 'java/lang/ClassNotFoundException'{0x00000000ec10d958}: sun/net/www/protocol/c/Handler> (0x00000000ec10d958) 
thrown [s\src\hotspot\share\classfile\systemDictionary.cpp, line 256]
Event: 9.648 Thread 0x000001ab42f7d590 Exception <a 'java/io/FileNotFoundException'{0x00000000ec131320}> (0x00000000ec131320) 
thrown [s\src\hotspot\share\prims\jni.cpp, line 516]
Event: 10.198 Thread 0x000001ab42f7d590 Implicit null exception at 0x000001ab4ef185db to 0x000001ab4ef18ef8
Event: 10.198 Thread 0x000001ab42f7d590 Implicit null exception at 0x000001ab4ef1f28c to 0x000001ab4ef1f4a4
Event: 10.199 Thread 0x000001ab42f7d590 Implicit null exception at 0x000001ab4ef2000c to 0x000001ab4ef20224
Event: 10.199 Thread 0x000001ab42f7d590 Implicit null exception at 0x000001ab4ef1b90f to 0x000001ab4ef1b985
Event: 10.888 Thread 0x000001ab42f7d590 Exception <a 'java/lang/NoSuchMethodError'{0x00000000eab0b048}: 'int java.lang.invoke.DirectMethodHandle$Holder.invokeStaticInit(java.lang.Object, java.lang.Object, java.lang.Object, java.lang.Object)'> (0x00000000eab0b048) 
thrown [s\src\hotspot\share\interpreter\linkResolver.cpp, line 759]
Event: 10.891 Thread 0x000001ab42f7d590 Exception <a 'java/lang/NoSuchMethodError'{0x00000000eab157b0}: 'java.lang.Object java.lang.invoke.DirectMethodHandle$Holder.invokeInterface(java.lang.Object, java.lang.Object)'> (0x00000000eab157b0) 
thrown [s\src\hotspot\share\interpreter\linkResolver.cpp, line 759]
Event: 10.901 Thread 0x000001ab42f7d590 Exception <a 'java/lang/IncompatibleClassChangeError'{0x00000000eab18fa8}: Found class java.lang.Object, but interface was expected> (0x00000000eab18fa8) 
thrown [s\src\hotspot\share\interpreter\linkResolver.cpp, line 826]
Event: 10.905 Thread 0x000001ab42f7d590 Exception <a 'java/lang/NoSuchMethodError'{0x00000000eab1d488}: 'void java.lang.invoke.DirectMethodHandle$Holder.invokeStatic(java.lang.Object, java.lang.Object)'> (0x00000000eab1d488) 
thrown [s\src\hotspot\share\interpreter\linkResolver.cpp, line 759]
Event: 10.907 Thread 0x000001ab42f7d590 Exception <a 'java/lang/NoSuchMethodError'{0x00000000eab20c88}: 'void java.lang.invoke.DirectMethodHandle$Holder.invokeStaticInit(java.lang.Object, java.lang.Object)'> (0x00000000eab20c88) 
thrown [s\src\hotspot\share\interpreter\linkResolver.cpp, line 759]
Event: 10.914 Thread 0x000001ab42f7d590 Exception <a 'java/lang/NoSuchMethodError'{0x00000000eab28168}: 'int java.lang.invoke.DirectMethodHandle$Holder.invokeStaticInit(java.lang.Object, java.lang.Object)'> (0x00000000eab28168) 
thrown [s\src\hotspot\share\interpreter\linkResolver.cpp, line 759]
Event: 11.156 Thread 0x000001ab42f7d590 Exception <a 'java/lang/NoSuchMethodError'{0x00000000eac92570}: 'void java.lang.invoke.DirectMethodHandle$Holder.invokeSpecial(java.lang.Object, java.lang.Object, java.lang.Object)'> (0x00000000eac92570) 
thrown [s\src\hotspot\share\interpreter\linkResolver.cpp, line 759]
Event: 14.422 Thread 0x000001ab42f7d590 Exception <a 'java/lang/NoSuchMethodError'{0x00000000eb950110}: 'java.lang.Object java.lang.invoke.DirectMethodHandle$Holder.newInvokeSpecial(java.lang.Object, int, java.lang.Object)'> (0x00000000eb950110) 
thrown [s\src\hotspot\share\interpreter\linkResolver.cpp, line 759]
Event: 16.698 Thread 0x000001ab42f7d590 Exception <a 'java/lang/UnsatisfiedLinkError'{0x00000000ebed90a0}: 'void org.eclipse.equinox.launcher.JNIBridge._update_splash()'> (0x00000000ebed90a0) 
thrown [s\src\hotspot\share\prims\nativeLookup.cpp, line 543]
Event: 18.420 Thread 0x000001ab5e28e110 Exception <a 'java/lang/NoSuchMethodError'{0x00000000ec2098e8}: 'java.lang.Object java.lang.invoke.DirectMethodHandle$Holder.invokeStaticInit(java.lang.Object)'> (0x00000000ec2098e8) 
thrown [s\src\hotspot\share\interpreter\linkResolver.cpp, line 759]
Event: 19.088 Thread 0x000001ab5e28e110 Exception <a 'java/lang/NullPointerException'{0x00000000ec34caa0}> (0x00000000ec34caa0) 
thrown [s\src\hotspot\share\interpreter\linkResolver.cpp, line 1350]
Event: 19.088 Thread 0x000001ab5e28e110 Exception <a 'java/lang/NullPointerException'{0x00000000ec34cd78}> (0x00000000ec34cd78) 
thrown [s\src\hotspot\share\interpreter\linkResolver.cpp, line 1350]

VM Operations (20 events):
Event: 14.150 Executing VM operation: HandshakeAllThreads
Event: 14.150 Executing VM operation: HandshakeAllThreads done
Event: 14.412 Executing VM operation: HandshakeAllThreads
Event: 14.412 Executing VM operation: HandshakeAllThreads done
Event: 15.412 Executing VM operation: Cleanup
Event: 15.428 Executing VM operation: Cleanup done
Event: 16.433 Executing VM operation: Cleanup
Event: 16.662 Executing VM operation: Cleanup done
Event: 17.679 Executing VM operation: Cleanup
Event: 17.679 Executing VM operation: Cleanup done
Event: 18.688 Executing VM operation: Cleanup
Event: 18.778 Executing VM operation: Cleanup done
Event: 19.081 Executing VM operation: HandshakeAllThreads
Event: 19.081 Executing VM operation: HandshakeAllThreads done
Event: 19.280 Executing VM operation: ParallelGCFailedAllocation
Event: 19.291 Executing VM operation: ParallelGCFailedAllocation done
Event: 20.292 Executing VM operation: Cleanup
Event: 20.338 Executing VM operation: Cleanup done
Event: 21.346 Executing VM operation: Cleanup
Event: 21.347 Executing VM operation: Cleanup done

Memory protections (0 events):
No events

Nmethod flushes (0 events):
No events

Events (20 events):
Event: 0.580 Thread 0x000001ab42f7d590 Thread added: 0x000001ab43034c20
Event: 0.581 Thread 0x000001ab42f7d590 Thread added: 0x000001ab43039550
Event: 0.716 Thread 0x000001ab42f7d590 Thread added: 0x000001ab58d3d310
Event: 0.716 Thread 0x000001ab42f7d590 Thread added: 0x000001ab58d3dea0
Event: 0.716 Thread 0x000001ab42f7d590 Thread added: 0x000001ab58d3ea30
Event: 0.716 Thread 0x000001ab42f7d590 Thread added: 0x000001ab58d40470
Event: 0.716 Thread 0x000001ab42f7d590 Thread added: 0x000001ab58d41070
Event: 0.906 Thread 0x000001ab42f7d590 Thread added: 0x000001ab5df06c50
Event: 1.081 Thread 0x000001ab42f7d590 Thread added: 0x000001ab5df07910
Event: 1.933 Thread 0x000001ab42f7d590 Thread added: 0x000001ab5dfcc380
Event: 5.012 Thread 0x000001ab42f7d590 Thread added: 0x000001ab5e1de7c0
Event: 6.468 Thread 0x000001ab5df06c50 Thread added: 0x000001ab5e2e4360
Event: 6.645 Thread 0x000001ab5e2e4360 Thread exited: 0x000001ab5e2e4360
Event: 7.381 Thread 0x000001ab5df06c50 Thread added: 0x000001ab5e4f2580
Event: 7.649 Thread 0x000001ab5e4f2580 Thread exited: 0x000001ab5e4f2580
Event: 13.911 Thread 0x000001ab42f7d590 Thread added: 0x000001ab5e908ab0
Event: 16.684 Thread 0x000001ab42f7d590 Thread added: 0x000001ab5e22f3f0
Event: 16.695 Thread 0x000001ab42f7d590 Thread added: 0x000001ab5e28e110
Event: 17.795 Thread 0x000001ab5e28e110 Thread added: 0x000001ab5e56bef0
Event: 20.585 Thread 0x000001ab5e28e110 Thread added: 0x000001ab5e43b0d0


Dynamic libraries:
0x00007ff6dc7b0000 - 0x00007ff6dc7be000 	c:\Users\chihu\.vscode\extensions\redhat.java-1.38.0-win32-x64\jre\17.0.13-win32-x86_64\bin\java.exe
0x00007ffb0f380000 - 0x00007ffb0f589000 	C:\Windows\SYSTEM32\ntdll.dll
0x00007ffb0de30000 - 0x00007ffb0deed000 	C:\Windows\System32\KERNEL32.DLL
0x00007ffb0cdd0000 - 0x00007ffb0d154000 	C:\Windows\System32\KERNELBASE.dll
0x00007ffb0cc10000 - 0x00007ffb0cd21000 	C:\Windows\System32\ucrtbase.dll
0x00007ffa92af0000 - 0x00007ffa92b07000 	c:\Users\chihu\.vscode\extensions\redhat.java-1.38.0-win32-x64\jre\17.0.13-win32-x86_64\bin\jli.dll
0x00007ffb0daf0000 - 0x00007ffb0dc9d000 	C:\Windows\System32\USER32.dll
0x00007ffb0c810000 - 0x00007ffb0c836000 	C:\Windows\System32\win32u.dll
0x00007ffb0d890000 - 0x00007ffb0d8ba000 	C:\Windows\System32\GDI32.dll
0x00007ffb0ca70000 - 0x00007ffb0cb8e000 	C:\Windows\System32\gdi32full.dll
0x00007ffb0cd30000 - 0x00007ffb0cdcd000 	C:\Windows\System32\msvcp_win.dll
0x00007ffa91a30000 - 0x00007ffa91a4e000 	c:\Users\chihu\.vscode\extensions\redhat.java-1.38.0-win32-x64\jre\17.0.13-win32-x86_64\bin\VCRUNTIME140.dll
0x00007ffafdec0000 - 0x00007ffafe165000 	C:\Windows\WinSxS\amd64_microsoft.windows.common-controls_6595b64144ccf1df_6.0.22000.120_none_9d947278b86cc467\COMCTL32.dll
0x00007ffb0dfa0000 - 0x00007ffb0e043000 	C:\Windows\System32\msvcrt.dll
0x00007ffb0d1e0000 - 0x00007ffb0d211000 	C:\Windows\System32\IMM32.DLL
0x00007ffafc110000 - 0x00007ffafc11c000 	c:\Users\chihu\.vscode\extensions\redhat.java-1.38.0-win32-x64\jre\17.0.13-win32-x86_64\bin\vcruntime140_1.dll
0x00007ffa8c400000 - 0x00007ffa8c48d000 	c:\Users\chihu\.vscode\extensions\redhat.java-1.38.0-win32-x64\jre\17.0.13-win32-x86_64\bin\msvcp140.dll
0x00007ffa8b300000 - 0x00007ffa8bf6b000 	c:\Users\chihu\.vscode\extensions\redhat.java-1.38.0-win32-x64\jre\17.0.13-win32-x86_64\bin\server\jvm.dll
0x00007ffb0def0000 - 0x00007ffb0df9e000 	C:\Windows\System32\ADVAPI32.dll
0x00007ffb0d220000 - 0x00007ffb0d2be000 	C:\Windows\System32\sechost.dll
0x00007ffb0e1d0000 - 0x00007ffb0e2f1000 	C:\Windows\System32\RPCRT4.dll
0x00007ffb0e160000 - 0x00007ffb0e1cf000 	C:\Windows\System32\WS2_32.dll
0x00007ffb0b130000 - 0x00007ffb0b17d000 	C:\Windows\SYSTEM32\POWRPROF.dll
0x00007ffb05e60000 - 0x00007ffb05e93000 	C:\Windows\SYSTEM32\WINMM.dll
0x00007ffaf9980000 - 0x00007ffaf998a000 	C:\Windows\SYSTEM32\VERSION.dll
0x00007ffb0b220000 - 0x00007ffb0b233000 	C:\Windows\SYSTEM32\UMPDC.dll
0x00007ffb0b930000 - 0x00007ffb0b948000 	C:\Windows\SYSTEM32\kernel.appcore.dll
0x00007ffab3260000 - 0x00007ffab326a000 	c:\Users\chihu\.vscode\extensions\redhat.java-1.38.0-win32-x64\jre\17.0.13-win32-x86_64\bin\jimage.dll
0x00007ffaf9cc0000 - 0x00007ffaf9ee1000 	C:\Windows\SYSTEM32\DBGHELP.DLL
0x00007ffaf9ef0000 - 0x00007ffaf9f21000 	C:\Windows\SYSTEM32\dbgcore.DLL
0x00007ffb0cb90000 - 0x00007ffb0cc0f000 	C:\Windows\System32\bcryptPrimitives.dll
0x00007ffb086c0000 - 0x00007ffb086ce000 	c:\Users\chihu\.vscode\extensions\redhat.java-1.38.0-win32-x64\jre\17.0.13-win32-x86_64\bin\instrument.dll
0x00007ffa91750000 - 0x00007ffa91775000 	c:\Users\chihu\.vscode\extensions\redhat.java-1.38.0-win32-x64\jre\17.0.13-win32-x86_64\bin\java.dll
0x00007ffa8dbe0000 - 0x00007ffa8dbf8000 	c:\Users\chihu\.vscode\extensions\redhat.java-1.38.0-win32-x64\jre\17.0.13-win32-x86_64\bin\zip.dll
0x00007ffb0e630000 - 0x00007ffb0edf5000 	C:\Windows\System32\SHELL32.dll
0x00007ffb0a8b0000 - 0x00007ffb0b112000 	C:\Windows\SYSTEM32\windows.storage.dll
0x00007ffb0efc0000 - 0x00007ffb0f336000 	C:\Windows\System32\combase.dll
0x00007ffb0a740000 - 0x00007ffb0a8a7000 	C:\Windows\SYSTEM32\wintypes.dll
0x00007ffb0e050000 - 0x00007ffb0e13a000 	C:\Windows\System32\SHCORE.dll
0x00007ffb0ddd0000 - 0x00007ffb0de2d000 	C:\Windows\System32\shlwapi.dll
0x00007ffb0c740000 - 0x00007ffb0c765000 	C:\Windows\SYSTEM32\profapi.dll
0x00007ffa8b0d0000 - 0x00007ffa8b0e9000 	C:\Users\chihu\.vscode\extensions\redhat.java-1.38.0-win32-x64\jre\17.0.13-win32-x86_64\bin\net.dll
0x00007ffb059c0000 - 0x00007ffb05ad4000 	C:\Windows\SYSTEM32\WINHTTP.dll
0x00007ffb0bdd0000 - 0x00007ffb0be37000 	C:\Windows\system32\mswsock.dll
0x00007ffa8b0b0000 - 0x00007ffa8b0c6000 	C:\Users\chihu\.vscode\extensions\redhat.java-1.38.0-win32-x64\jre\17.0.13-win32-x86_64\bin\nio.dll
0x00007ffb086b0000 - 0x00007ffb086c0000 	c:\Users\chihu\.vscode\extensions\redhat.java-1.38.0-win32-x64\jre\17.0.13-win32-x86_64\bin\verify.dll
0x00007ffa93290000 - 0x00007ffa932d5000 	C:\Users\chihu\AppData\Roaming\Code\User\globalStorage\redhat.java\1.38.0\config_ss_win\org.eclipse.equinox.launcher\org.eclipse.equinox.launcher.win32.win32.x86_64_1.2.1100.v20240722-2106\eclipse_11904.dll
0x00007ffb0ee00000 - 0x00007ffb0ef9a000 	C:\Windows\System32\ole32.dll

dbghelp: loaded successfully - version: 4.0.5 - missing functions: none
symbol engine: initialized successfully - sym options: 0x614 - pdb path: .;c:\Users\chihu\.vscode\extensions\redhat.java-1.38.0-win32-x64\jre\17.0.13-win32-x86_64\bin;C:\Windows\SYSTEM32;C:\Windows\WinSxS\amd64_microsoft.windows.common-controls_6595b64144ccf1df_6.0.22000.120_none_9d947278b86cc467;c:\Users\chihu\.vscode\extensions\redhat.java-1.38.0-win32-x64\jre\17.0.13-win32-x86_64\bin\server;C:\Users\chihu\AppData\Roaming\Code\User\globalStorage\redhat.java\1.38.0\config_ss_win\org.eclipse.equinox.launcher\org.eclipse.equinox.launcher.win32.win32.x86_64_1.2.1100.v20240722-2106

VM Arguments:
jvm_args: --add-modules=ALL-SYSTEM --add-opens=java.base/java.util=ALL-UNNAMED --add-opens=java.base/java.lang=ALL-UNNAMED --add-opens=java.base/sun.nio.fs=ALL-UNNAMED -Declipse.application=org.eclipse.jdt.ls.core.id1 -Dosgi.bundles.defaultStartLevel=4 -Declipse.product=org.eclipse.jdt.ls.core.product -Djava.import.generatesMetadataFilesAtProjectRoot=false -DDetectVMInstallationsJob.disabled=true -Dfile.encoding=utf8 -XX:+UseParallelGC -XX:GCTimeRatio=4 -XX:AdaptiveSizePolicyWeight=90 -Dsun.zip.disableMemoryMapping=true -Xmx1G -Xms100m -Xlog:disable -javaagent:c:\Users\chihu\.vscode\extensions\redhat.java-1.38.0-win32-x64\lombok\lombok-1.18.34.jar 
java_command: c:\Users\chihu\.vscode\extensions\redhat.java-1.38.0-win32-x64\server\plugins\org.eclipse.equinox.launcher_1.6.900.v20240613-2009.jar -configuration c:\Users\chihu\AppData\Roaming\Code\User\globalStorage\redhat.java\1.38.0\config_ss_win -data c:\Users\chihu\AppData\Roaming\Code\User\workspaceStorage\1011145ece7e98f8ad1cb99f5e7d24cf\redhat.java\ss_ws --pipe=\\.\pipe\lsp-271e6cd592e77b3b20c6d34814d86ecb-sock
java_class_path (initial): c:\Users\chihu\.vscode\extensions\redhat.java-1.38.0-win32-x64\server\plugins\org.eclipse.equinox.launcher_1.6.900.v20240613-2009.jar
Launcher Type: SUN_STANDARD

[Global flags]
    uintx AdaptiveSizePolicyWeight                 = 90                                        {product} {command line}
     intx CICompilerCount                          = 3                                         {product} {ergonomic}
    uintx GCTimeRatio                              = 4                                         {product} {command line}
   size_t InitialHeapSize                          = 104857600                                 {product} {command line}
   size_t MaxHeapSize                              = 1073741824                                {product} {command line}
   size_t MaxNewSize                               = 357564416                                 {product} {ergonomic}
   size_t MinHeapDeltaBytes                        = 524288                                    {product} {ergonomic}
   size_t MinHeapSize                              = 104857600                                 {product} {command line}
   size_t NewSize                                  = 34603008                                  {product} {ergonomic}
    uintx NonNMethodCodeHeapSize                   = 5832780                                {pd product} {ergonomic}
    uintx NonProfiledCodeHeapSize                  = 122912730                              {pd product} {ergonomic}
   size_t OldSize                                  = 70254592                                  {product} {ergonomic}
    uintx ProfiledCodeHeapSize                     = 122912730                              {pd product} {ergonomic}
    uintx ReservedCodeCacheSize                    = 251658240                              {pd product} {ergonomic}
     bool SegmentedCodeCache                       = true                                      {product} {ergonomic}
   size_t SoftMaxHeapSize                          = 1073741824                             {manageable} {ergonomic}
     bool UseCompressedClassPointers               = true                           {product lp64_product} {ergonomic}
     bool UseCompressedOops                        = true                           {product lp64_product} {ergonomic}
     bool UseLargePagesIndividualAllocation        = false                                  {pd product} {ergonomic}
     bool UseParallelGC                            = true                                      {product} {command line}

Logging:
Log output configuration:
 #0: stdout all=off uptime,level,tags
 #1: stderr all=off uptime,level,tags

Environment Variables:
JAVA_HOME=E:\jdk_17
PATH=C:\Program Files (x86)\VMware\VMware Workstation\bin\;C:\Program Files\Common Files\Oracle\Java\javapath;C:\Windows\system32;C:\Windows;C:\Windows\System32\Wbem;C:\Windows\System32\WindowsPowerShell\v1.0\;C:\Windows\System32\OpenSSH\;C:\Program Files\dotnet\;C:\Program Files\Microsoft SQL Server\Client SDK\ODBC\170\Tools\Binn\;C:\Program Files (x86)\Microsoft SQL Server\150\Tools\Binn\;C:\Program Files\Microsoft SQL Server\150\Tools\Binn\;C:\Program Files\Microsoft SQL Server\150\DTS\Binn\;C:\Program Files\Git\cmd;C:\ProgramData\chocolatey\bin;C:\Program Files\nodejs\;C:\Users\chihu\Downloads\firebase-tools-instant-win.exe;C:\Users\chihu\AppData\Local\Pub\Cache\bin;C:\ProgramData\ComposerSetup\bin;D:\gradle-8.1.1-all\bin;C:\Program Files (x86)\Microsoft SQL Server\160\Tools\Binn\;C:\Program Files\Microsoft SQL Server\160\Tools\Binn\;C:\Program Files\Microsoft SQL Server\160\DTS\Binn\;C:\Program Files (x86)\Microsoft SQL Server\160\DTS\Binn\;E:\flutterSDK\flutter_windows_3.19.2-stable\flutter\bin;E:\flutterSDK\dart-sdk\bin;E:\flutterSDK\winlibs-x86_64-posix-seh-gcc-13.2.0-llvm-17.0.6-mingw-w64ucrt-11.0.1-r5\mingw64\bin;C:\Program Files\Docker\Docker\resources\bin;E:\jdk_17\bin;E:\jdk_17\bin;C:\Users\chihu\AppData\Local\Programs\Python\Python310\Scripts\;C:\Users\chihu\AppData\Local\Programs\Python\Python310\;C:\Users\chihu\AppData\Local\Microsoft\WindowsApps;C:\Users\chihu\AppData\Local\Programs\Microsoft VS Code\bin;C:\Users\chihu\.dotnet\tools;C:\Program Files\Azure Data Studio\bin;C:\Users\chihu\AppData\Roaming\npm;C:\Users\chihu\Downloads\firebase-tools-instant-win.exe;C:\Users\chihu\AppData\Local\Pub\Cache\bin;C:\Users\chihu\AppData\Roaming\Composer\vendor\bin;D:\datagrip\DataGrip 2023.1.2\bin;;E:\Folder App\IntelliJ IDEA 2023.2\bin;;E:\interj\IntelliJ IDEA Community Edition 2023.2\bin;;E:\flutterSDK\flutter_windows_3.19.2-stable\flutter\bin;E:\flutterSDK\dart-sdk\bin;E:\flutterSDK\winlibs-x86_64-posix-seh-gcc-13.2.0-llvm-17.0.6-mingw-w64ucrt-11.0.1-r5\mingw64
USERNAME=chihu
OS=Windows_NT
PROCESSOR_IDENTIFIER=Intel64 Family 6 Model 69 Stepping 1, GenuineIntel
TMP=C:\Users\chihu\AppData\Local\Temp
TEMP=C:\Users\chihu\AppData\Local\Temp



Periodic native trim disabled


---------------  S Y S T E M  ---------------

OS:
 Windows 11 , 64 bit Build 22000 (10.0.22000.2538)
OS uptime: 0 days 1:54 hours
Hyper-V role detected

CPU: total 4 (initial active 4) (2 cores per cpu, 2 threads per core) family 6 model 69 stepping 1 microcode 0x26, cx8, cmov, fxsr, ht, mmx, sse, sse2, sse3, ssse3, sse4.1, sse4.2, popcnt, lzcnt, tsc, tscinvbit, avx, avx2, aes, erms, clmul, bmi1, bmi2, fma, vzeroupper, clflush, hv
Processor Information for all 4 processors :
  Max Mhz: 2701, Current Mhz: 2100, Mhz Limit: 2079

Memory: 4k page, system-wide physical 8097M (528M free)
TotalPageFile size 32673M (AvailPageFile size 326M)
current process WorkingSet (physical memory assigned to process): 87M, peak: 88M
current process commit charge ("private bytes"): 192M, peak: 192M

vm_info: OpenJDK 64-Bit Server VM (17.0.13+11) for windows-amd64 JRE (17.0.13+11), built on Oct 16 2024 00:10:08 by "admin" with MS VC++ 17.7 (VS2022)

END.
